#
# A fatal error has been detected by the Java Runtime Environment:
#
#  SIGSEGV (0xb) at pc=0x00007847e8689b10, pid=3513, tid=3603
#
# JRE version: OpenJDK Runtime Environment (21.0.10+7) (build 21.0.10+7-Ubuntu-124.04)
# Java VM: OpenJDK 64-Bit Server VM (21.0.10+7-Ubuntu-124.04, mixed mode, sharing, tiered, compressed oops, compressed class ptrs, g1 gc, linux-amd64)
# Problematic frame:
# C  [libgio-2.0.so.0+0x196b10]
#
# Core dump will be written. Default location: Core dumps may be processed with "/wsl-capture-crash %t %E %p %s" (or dumping to /mnt/c/Users/annap/Documents/GitHub/DAM-DesenvInterficies/JavaFX/02 Subvistes/Exemple 0201/core.3513)
#
# If you would like to submit a bug report, please visit:
#   https://bugs.launchpad.net/ubuntu/+source/openjdk-21
#

---------------  S U M M A R Y ------------

Command Line: --add-opens=java.base/java.lang=ALL-UNNAMED --add-opens=java.base/java.nio=ALL-UNNAMED --add-opens=java.base/java.util=ALL-UNNAMED --module-path=/home/ann/.m2/repository/org/openjfx/javafx-base/21/javafx-base-21-linux.jar:/home/ann/.m2/repository/org/openjfx/javafx-controls/21/javafx-controls-21-linux.jar:/home/ann/.m2/repository/org/openjfx/javafx-fxml/21/javafx-fxml-21-linux.jar:/home/ann/.m2/repository/org/openjfx/javafx-graphics/21/javafx-graphics-21-linux.jar --add-modules=javafx.controls,javafx.fxml,javafx.graphics -Djansi.mode=force -Dclassworlds.conf=/usr/share/maven/bin/m2.conf -Dmaven.home=/usr/share/maven -Dlibrary.jansi.path=/usr/share/maven/lib/jansi-native -Dmaven.multiModuleProjectDirectory=/mnt/c/Users/annap/Documents/GitHub/DAM-DesenvInterficies/JavaFX/02 Subvistes/Exemple 0201 org.codehaus.plexus.classworlds.launcher.Launcher clean test-compile exec:java -PrunMain -Dexec.mainClass=com.project.Main

Host: AMD Ryzen 7 260 w/ Radeon 780M Graphics, 16 cores, 13G, Ubuntu 24.04.1 LTS
Time: Tue May 12 17:12:48 2026 CEST elapsed time: 47.782978 seconds (0d 0h 0m 47s)

---------------  T H R E A D  ---------------

Current thread is native thread

Stack: [0x00007847f81f3000,0x00007847f82f3000],  sp=0x00007847f82f1e78,  free space=1019k
Native frames: (J=compiled Java code, j=interpreted, Vv=VM code, C=native code)
C  [libgio-2.0.so.0+0x196b10]
C  [libc.so.6+0x9c890]

siginfo: si_signo: 11 (SIGSEGV), si_code: 2 (SEGV_ACCERR), si_addr: 0x00007847e8689b10

Registers:
RAX=0x0000000000000001, RBX=0x00007847f82f2a08, RCX=0x00007847e8689b10, RDX=0x00007847f82f29d0
RSP=0x00007847f82f1e78, RBP=0x00007847f82f1ec0, RSI=0x0000000000000710, RDI=0x00007847141d4c80
R8 =0x00007847140008e0, R9 =0x0000000000000007, R10=0x0000784758525040, R11=0x7614583102c5fd85
R12=0x0000000000000000, R13=0x000078481d405788, R14=0x00007847f82f2bd8, R15=0x000078481d4057b8
RIP=0x00007847e8689b10, EFLAGS=0x0000000000010202, CSGSFS=0x002b000000000033, ERR=0x0000000000000015
  TRAPNO=0x000000000000000e

XMM[0]=0x0000000000000000 0x0000000000000000
XMM[1]=0x0000000000000000 0x0000784758000090
XMM[2]=0x000078481d2addce 0x0000000000000000
XMM[3]=0x0000784758526290 0x00007847f82f1e50
XMM[4]=0x0000784758526290 0x00007847f82f26c0
XMM[5]=0x00007847f8bf4d90 0x0000000000000000
XMM[6]=0x000078481d5c085c 0x00007847f82f1e70
XMM[7]=0x00007847f82f26c0 0x00007847f82f2cdc
XMM[8]=0x0000000000000000 0x0000000000000000
XMM[9]=0x0000000000000000 0x0000000000000000
XMM[10]=0x0000000000000000 0x3ff0000000000000
XMM[11]=0x0000000000000000 0x0000000000000000
XMM[12]=0x0000000000000000 0x404a820000000000
XMM[13]=0x0000000000000000 0x4070000000000000
XMM[14]=0x0000000000000000 0x4024000000000000
XMM[15]=0x0000000000000000 0x4022000000000000
  MXCSR=0x00001fa6


Top of Stack: (sp=0x00007847f82f1e78)
0x00007847f82f1e78:   000078481d299340 0000784758525040
0x00007847f82f1e88:   0000000000000004 00007847f82f1ec0
0x00007847f82f1e98:   00007847f82f2cdc 00007847f82f26c0
0x00007847f82f1ea8:   ffffffffffffff88 0000000000000000
0x00007847f82f1eb8:   00007847f8bf4d90 00007847f82f1f70
0x00007847f82f1ec8:   000078481d29c890 0000000000000000
0x00007847f82f1ed8:   00007847f82f26c0 00007847f82f26c0
0x00007847f82f1ee8:   4b57e1457f1142d2 00007847f82f26c0
0x00007847f82f1ef8:   ffffffffffffff88 0000000000000000
0x00007847f82f1f08:   00007847f8bf4d90 4b57e1457c5142d2
0x00007847f82f1f18:   4b482b48ce0b42d2 0000000000000000
0x00007847f82f1f28:   0000000000000000 0000000000000000
0x00007847f82f1f38:   0000000000000000 0000000000000000
0x00007847f82f1f48:   f00374d14f1ba400 0000000000000000
0x00007847f82f1f58:   000078481d29c720 00007847f82f26c0
0x00007847f82f1f68:   ffffffffffffff88 0000000000000000
0x00007847f82f1f78:   000078481d329c6c 0000000000000000
0x00007847f82f1f88:   0000000000000000 0000000000000000
0x00007847f82f1f98:   0000000000000000 0000000000000000
0x00007847f82f1fa8:   0000000000000000 0000000000000000
0x00007847f82f1fb8:   0000000000000000 0000000000000000
0x00007847f82f1fc8:   0000000000000000 0000000000000000
0x00007847f82f1fd8:   0000000000000000 0000000000000000
0x00007847f82f1fe8:   0000000000000000 0000000000000000
0x00007847f82f1ff8:   0000000000000000 0000000000000000
0x00007847f82f2008:   0000000000000000 0000000000000000
0x00007847f82f2018:   0000000000000000 0000000000000000
0x00007847f82f2028:   0000000000000000 0000000000000000
0x00007847f82f2038:   0000000000000000 0000000000000000
0x00007847f82f2048:   0000000000000000 0000000000000000
0x00007847f82f2058:   0000000000000000 0000000000000000
0x00007847f82f2068:   0000000000000000 0000000000000000 

Instructions: (pc=0x00007847e8689b10)
0x00007847e8689a10:   08 4d 0b 00 34 00 00 00 60 51 00 00 44 ef eb ff
0x00007847e8689a20:   f9 00 00 00 00 45 0e 10 86 02 43 0d 06 42 8f 03
0x00007847e8689a30:   45 8e 04 45 8d 05 45 8c 06 44 83 07 02 98 0a 0c
0x00007847e8689a40:   07 08 4b 0b 63 0a 0c 07 08 4d 0b 00 34 00 00 00
0x00007847e8689a50:   98 51 00 00 0c f0 eb ff e9 00 00 00 00 45 0e 10
0x00007847e8689a60:   86 02 43 0d 06 44 8f 03 8e 04 45 8d 05 45 8c 06
0x00007847e8689a70:   44 83 07 02 90 0a 0c 07 08 46 0b 63 0a 0c 07 08
0x00007847e8689a80:   4d 0b 00 00 20 00 00 00 d0 51 00 00 c4 f0 eb ff
0x00007847e8689a90:   b8 00 00 00 00 41 0e 10 86 02 4a 0d 06 45 83 03
0x00007847e8689aa0:   02 a2 0a 0c 07 08 41 0b 24 00 00 00 f4 51 00 00
0x00007847e8689ab0:   60 f1 eb ff 6d 00 00 00 00 61 0e 10 86 02 43 0d
0x00007847e8689ac0:   06 41 83 03 63 0a 0c 07 08 48 0b 5c 0c 07 08 00
0x00007847e8689ad0:   24 00 00 00 1c 52 00 00 a8 f1 eb ff 82 00 00 00
0x00007847e8689ae0:   00 45 0e 10 86 02 43 0d 06 41 83 03 7c 0a 0c 07
0x00007847e8689af0:   08 5b 0b 61 0c 07 08 00 30 00 00 00 44 52 00 00
0x00007847e8689b00:   10 f2 eb ff 7e 00 00 00 00 45 0e 10 86 02 43 0d
0x00007847e8689b10:   06 42 8c 03 44 83 04 76 0a 0c 07 08 44 0b 51 0a
0x00007847e8689b20:   0c 07 08 47 0b 59 0c 07 08 00 00 00 2c 00 00 00
0x00007847e8689b30:   78 52 00 00 5c f2 eb ff 9c 00 00 00 00 45 0e 10
0x00007847e8689b40:   86 02 43 0d 06 42 8d 03 4a 8c 04 83 05 02 69 0a
0x00007847e8689b50:   0c 07 08 43 0b 57 0c 07 08 00 00 00 24 00 00 00
0x00007847e8689b60:   a8 52 00 00 cc f2 eb ff 6d 00 00 00 00 45 0e 10
0x00007847e8689b70:   86 02 43 0d 06 41 83 03 78 0a 0c 07 08 47 0b 64
0x00007847e8689b80:   0c 07 08 00 24 00 00 00 d0 52 00 00 14 f3 eb ff
0x00007847e8689b90:   50 00 00 00 00 45 0e 10 86 02 43 0d 06 45 83 03
0x00007847e8689ba0:   72 0a 0c 07 08 49 0b 47 0c 07 08 00 30 00 00 00
0x00007847e8689bb0:   f8 52 00 00 3c f3 eb ff a7 00 00 00 00 45 0e 10
0x00007847e8689bc0:   86 02 43 0d 06 44 8f 03 8e 04 45 8d 05 45 8c 06
0x00007847e8689bd0:   44 83 07 02 4e 0a 0c 07 08 48 0b 76 0c 07 08 00
0x00007847e8689be0:   2c 00 00 00 2c 53 00 00 b8 f3 eb ff 91 00 00 00
0x00007847e8689bf0:   00 45 0e 10 86 02 43 0d 06 44 8e 03 8d 04 45 8c
0x00007847e8689c00:   05 44 83 06 02 41 0a 0c 07 08 4a 0b 70 0c 07 08 



---------------  P R O C E S S  ---------------

VM state: not at safepoint (normal execution)

VM Mutex/Monitor currently owned by a thread: None

Heap address: 0x0000000727200000, size: 3470 MB, Compressed Oops mode: Zero based, Oop shift amount: 3

CDS archive(s) mapped at: [0x000078479b000000-0x000078479bc9c000-0x000078479bc9c000), size 13221888, SharedBaseAddress: 0x000078479b000000, ArchiveRelocationMode: 1.
Compressed class space mapped at: 0x000078479c000000-0x00007847dc000000, reserved size: 1073741824
Narrow klass base: 0x000078479b000000, Narrow klass shift: 0, Narrow klass range: 0x100000000

GC Precious Log:
<Skipped>

Heap:
 garbage-first heap   total 169984K, used 163235K [0x0000000727200000, 0x0000000800000000)
  region size 2048K, 11 young (22528K), 2 survivors (4096K)
 Metaspace       used 48579K, committed 49152K, reserved 1114112K
  class space    used 5803K, committed 6080K, reserved 1048576K

Heap Regions: E=young(eden), S=young(survivor), O=old, HS=humongous(starts), HC=humongous(continues), CS=collection set, F=free, TAMS=top-at-mark-start, PB=parsable bottom
|   0|0x0000000727200000, 0x0000000727400000, 0x0000000727400000|100%| O|  |TAMS 0x0000000727200000| PB 0x0000000727200000| Untracked 
|   1|0x0000000727400000, 0x0000000727600000, 0x0000000727600000|100%| O|  |TAMS 0x0000000727400000| PB 0x0000000727400000| Untracked 
|   2|0x0000000727600000, 0x0000000727800000, 0x0000000727800000|100%| O|  |TAMS 0x0000000727600000| PB 0x0000000727600000| Untracked 
|   3|0x0000000727800000, 0x0000000727a00000, 0x0000000727a00000|100%| O|  |TAMS 0x0000000727800000| PB 0x0000000727800000| Untracked 
|   4|0x0000000727a00000, 0x0000000727c00000, 0x0000000727c00000|100%| O|Cm|TAMS 0x0000000727a00000| PB 0x0000000727a00000| Complete 
|   5|0x0000000727c00000, 0x0000000727e00000, 0x0000000727e00000|100%| O|Cm|TAMS 0x0000000727c00000| PB 0x0000000727c00000| Complete 
|   6|0x0000000727e00000, 0x0000000728000000, 0x0000000728000000|100%| O|  |TAMS 0x0000000727e00000| PB 0x0000000727e00000| Untracked 
|   7|0x0000000728000000, 0x0000000728200000, 0x0000000728200000|100%| O|  |TAMS 0x0000000728000000| PB 0x0000000728000000| Untracked 
|   8|0x0000000728200000, 0x0000000728400000, 0x0000000728400000|100%| O|  |TAMS 0x0000000728200000| PB 0x0000000728200000| Untracked 
|   9|0x0000000728400000, 0x0000000728600000, 0x0000000728600000|100%| O|Cm|TAMS 0x0000000728400000| PB 0x0000000728400000| Complete 
|  10|0x0000000728600000, 0x0000000728800000, 0x0000000728800000|100%| O|  |TAMS 0x0000000728600000| PB 0x0000000728600000| Untracked 
|  11|0x0000000728800000, 0x0000000728a00000, 0x0000000728a00000|100%| O|  |TAMS 0x0000000728800000| PB 0x0000000728800000| Untracked 
|  12|0x0000000728a00000, 0x0000000728c00000, 0x0000000728c00000|100%| O|  |TAMS 0x0000000728a00000| PB 0x0000000728a00000| Untracked 
|  13|0x0000000728c00000, 0x0000000728e00000, 0x0000000728e00000|100%| O|  |TAMS 0x0000000728c00000| PB 0x0000000728c00000| Untracked 
|  14|0x0000000728e00000, 0x0000000729000000, 0x0000000729000000|100%| O|  |TAMS 0x0000000728e00000| PB 0x0000000728e00000| Untracked 
|  15|0x0000000729000000, 0x0000000729200000, 0x0000000729200000|100%| O|  |TAMS 0x0000000729000000| PB 0x0000000729000000| Untracked 
|  16|0x0000000729200000, 0x0000000729400000, 0x0000000729400000|100%|HS|  |TAMS 0x0000000729200000| PB 0x0000000729200000| Complete 
|  17|0x0000000729400000, 0x0000000729600000, 0x0000000729600000|100%|HC|  |TAMS 0x0000000729400000| PB 0x0000000729400000| Complete 
|  18|0x0000000729600000, 0x0000000729800000, 0x0000000729800000|100%|HC|  |TAMS 0x0000000729600000| PB 0x0000000729600000| Complete 
|  19|0x0000000729800000, 0x0000000729a00000, 0x0000000729a00000|100%|HC|  |TAMS 0x0000000729800000| PB 0x0000000729800000| Complete 
|  20|0x0000000729a00000, 0x0000000729c00000, 0x0000000729c00000|100%|HC|  |TAMS 0x0000000729a00000| PB 0x0000000729a00000| Complete 
|  21|0x0000000729c00000, 0x0000000729e00000, 0x0000000729e00000|100%| O|  |TAMS 0x0000000729c00000| PB 0x0000000729c00000| Untracked 
|  22|0x0000000729e00000, 0x000000072a000000, 0x000000072a000000|100%| O|  |TAMS 0x0000000729e00000| PB 0x0000000729e00000| Untracked 
|  23|0x000000072a000000, 0x000000072a200000, 0x000000072a200000|100%| O|  |TAMS 0x000000072a000000| PB 0x000000072a000000| Untracked 
|  24|0x000000072a200000, 0x000000072a400000, 0x000000072a400000|100%| O|  |TAMS 0x000000072a200000| PB 0x000000072a200000| Untracked 
|  25|0x000000072a400000, 0x000000072a600000, 0x000000072a600000|100%| O|  |TAMS 0x000000072a400000| PB 0x000000072a400000| Untracked 
|  26|0x000000072a600000, 0x000000072a800000, 0x000000072a800000|100%| O|  |TAMS 0x000000072a600000| PB 0x000000072a600000| Untracked 
|  27|0x000000072a800000, 0x000000072aa00000, 0x000000072aa00000|100%| O|  |TAMS 0x000000072a800000| PB 0x000000072a800000| Untracked 
|  28|0x000000072aa00000, 0x000000072ac00000, 0x000000072ac00000|100%| O|  |TAMS 0x000000072aa00000| PB 0x000000072aa00000| Untracked 
|  29|0x000000072ac00000, 0x000000072ae00000, 0x000000072ae00000|100%| O|  |TAMS 0x000000072ac00000| PB 0x000000072ac00000| Untracked 
|  30|0x000000072ae00000, 0x000000072b000000, 0x000000072b000000|100%| O|  |TAMS 0x000000072ae00000| PB 0x000000072ae00000| Untracked 
|  31|0x000000072b000000, 0x000000072b200000, 0x000000072b200000|100%| O|  |TAMS 0x000000072b000000| PB 0x000000072b000000| Untracked 
|  32|0x000000072b200000, 0x000000072b400000, 0x000000072b400000|100%| O|  |TAMS 0x000000072b200000| PB 0x000000072b200000| Untracked 
|  33|0x000000072b400000, 0x000000072b4dd330, 0x000000072b600000| 43%| O|  |TAMS 0x000000072b400000| PB 0x000000072b400000| Untracked 
|  34|0x000000072b600000, 0x000000072b800000, 0x000000072b800000|100%|HS|  |TAMS 0x000000072b600000| PB 0x000000072b600000| Complete 
|  35|0x000000072b800000, 0x000000072ba00000, 0x000000072ba00000|100%|HC|  |TAMS 0x000000072b800000| PB 0x000000072b800000| Complete 
|  36|0x000000072ba00000, 0x000000072bc00000, 0x000000072bc00000|100%|HC|  |TAMS 0x000000072ba00000| PB 0x000000072ba00000| Complete 
|  37|0x000000072bc00000, 0x000000072be00000, 0x000000072be00000|100%|HC|  |TAMS 0x000000072bc00000| PB 0x000000072bc00000| Complete 
|  38|0x000000072be00000, 0x000000072c000000, 0x000000072c000000|100%|HC|  |TAMS 0x000000072be00000| PB 0x000000072be00000| Complete 
|  39|0x000000072c000000, 0x000000072c200000, 0x000000072c200000|100%|HC|  |TAMS 0x000000072c000000| PB 0x000000072c000000| Complete 
|  40|0x000000072c200000, 0x000000072c400000, 0x000000072c400000|100%|HC|  |TAMS 0x000000072c200000| PB 0x000000072c200000| Complete 
|  41|0x000000072c400000, 0x000000072c600000, 0x000000072c600000|100%|HC|  |TAMS 0x000000072c400000| PB 0x000000072c400000| Complete 
|  42|0x000000072c600000, 0x000000072c800000, 0x000000072c800000|100%|HS|  |TAMS 0x000000072c600000| PB 0x000000072c600000| Complete 
|  43|0x000000072c800000, 0x000000072ca00000, 0x000000072ca00000|100%|HC|  |TAMS 0x000000072c800000| PB 0x000000072c800000| Complete 
|  44|0x000000072ca00000, 0x000000072cc00000, 0x000000072cc00000|100%|HC|  |TAMS 0x000000072ca00000| PB 0x000000072ca00000| Complete 
|  45|0x000000072cc00000, 0x000000072ce00000, 0x000000072ce00000|100%|HC|  |TAMS 0x000000072cc00000| PB 0x000000072cc00000| Complete 
|  46|0x000000072ce00000, 0x000000072d000000, 0x000000072d000000|100%|HC|  |TAMS 0x000000072ce00000| PB 0x000000072ce00000| Complete 
|  47|0x000000072d000000, 0x000000072d200000, 0x000000072d200000|100%|HC|  |TAMS 0x000000072d000000| PB 0x000000072d000000| Complete 
|  48|0x000000072d200000, 0x000000072d400000, 0x000000072d400000|100%|HC|  |TAMS 0x000000072d200000| PB 0x000000072d200000| Complete 
|  49|0x000000072d400000, 0x000000072d400000, 0x000000072d600000|  0%| F|  |TAMS 0x000000072d400000| PB 0x000000072d400000| Untracked 
|  50|0x000000072d600000, 0x000000072d600000, 0x000000072d800000|  0%| F|  |TAMS 0x000000072d600000| PB 0x000000072d600000| Untracked 
|  51|0x000000072d800000, 0x000000072d88bc70, 0x000000072da00000| 27%| E|  |TAMS 0x000000072d800000| PB 0x000000072d800000| Complete 
|  52|0x000000072da00000, 0x000000072dc00000, 0x000000072dc00000|100%| E|CS|TAMS 0x000000072da00000| PB 0x000000072da00000| Complete 
|  53|0x000000072dc00000, 0x000000072de00000, 0x000000072de00000|100%| S|CS|TAMS 0x000000072dc00000| PB 0x000000072dc00000| Complete 
|  54|0x000000072de00000, 0x000000072e000000, 0x000000072e000000|100%|HS|  |TAMS 0x000000072de00000| PB 0x000000072de00000| Complete 
|  55|0x000000072e000000, 0x000000072e200000, 0x000000072e200000|100%|HC|  |TAMS 0x000000072e000000| PB 0x000000072e000000| Complete 
|  56|0x000000072e200000, 0x000000072e400000, 0x000000072e400000|100%|HC|  |TAMS 0x000000072e200000| PB 0x000000072e200000| Complete 
|  57|0x000000072e400000, 0x000000072e600000, 0x000000072e600000|100%|HC|  |TAMS 0x000000072e400000| PB 0x000000072e400000| Complete 
|  58|0x000000072e600000, 0x000000072e800000, 0x000000072e800000|100%|HC|  |TAMS 0x000000072e600000| PB 0x000000072e600000| Complete 
|  59|0x000000072e800000, 0x000000072ea00000, 0x000000072ea00000|100%|HC|  |TAMS 0x000000072e800000| PB 0x000000072e800000| Complete 
|  60|0x000000072ea00000, 0x000000072ec00000, 0x000000072ec00000|100%|HC|  |TAMS 0x000000072ea00000| PB 0x000000072ea00000| Complete 
|  61|0x000000072ec00000, 0x000000072ee00000, 0x000000072ee00000|100%|HC|  |TAMS 0x000000072ec00000| PB 0x000000072ec00000| Complete 
|  92|0x0000000732a00000, 0x0000000732c00000, 0x0000000732c00000|100%| S|CS|TAMS 0x0000000732a00000| PB 0x0000000732a00000| Complete 
|  93|0x0000000732c00000, 0x0000000732e00000, 0x0000000732e00000|100%| E|  |TAMS 0x0000000732c00000| PB 0x0000000732c00000| Complete 
|  94|0x0000000732e00000, 0x0000000733000000, 0x0000000733000000|100%| E|CS|TAMS 0x0000000732e00000| PB 0x0000000732e00000| Complete 
|  95|0x0000000733000000, 0x0000000733200000, 0x0000000733200000|100%| E|CS|TAMS 0x0000000733000000| PB 0x0000000733000000| Complete 
|  96|0x0000000733200000, 0x0000000733400000, 0x0000000733400000|100%| E|CS|TAMS 0x0000000733200000| PB 0x0000000733200000| Complete 
|  97|0x0000000733400000, 0x0000000733600000, 0x0000000733600000|100%| E|CS|TAMS 0x0000000733400000| PB 0x0000000733400000| Complete 
| 108|0x0000000734a00000, 0x0000000734c00000, 0x0000000734c00000|100%| E|CS|TAMS 0x0000000734a00000| PB 0x0000000734a00000| Complete 
|1721|0x00000007fe400000, 0x00000007fe600000, 0x00000007fe600000|100%| O|  |TAMS 0x00000007fe400000| PB 0x00000007fe400000| Untracked 
|1722|0x00000007fe600000, 0x00000007fe800000, 0x00000007fe800000|100%| O|  |TAMS 0x00000007fe600000| PB 0x00000007fe600000| Untracked 
|1723|0x00000007fe800000, 0x00000007fea00000, 0x00000007fea00000|100%| O|  |TAMS 0x00000007fe800000| PB 0x00000007fe800000| Untracked 
|1724|0x00000007fea00000, 0x00000007fec00000, 0x00000007fec00000|100%| O|  |TAMS 0x00000007fea00000| PB 0x00000007fea00000| Untracked 
|1725|0x00000007fec00000, 0x00000007fee00000, 0x00000007fee00000|100%| O|  |TAMS 0x00000007fec00000| PB 0x00000007fec00000| Untracked 
|1726|0x00000007fee00000, 0x00000007ff000000, 0x00000007ff000000|100%| O|  |TAMS 0x00000007fee00000| PB 0x00000007fee00000| Untracked 
|1727|0x00000007ff000000, 0x00000007ff200000, 0x00000007ff200000|100%| O|Cm|TAMS 0x00000007ff000000| PB 0x00000007ff000000| Complete 
|1728|0x00000007ff200000, 0x00000007ff400000, 0x00000007ff400000|100%| O|  |TAMS 0x00000007ff200000| PB 0x00000007ff200000| Untracked 
|1729|0x00000007ff400000, 0x00000007ff600000, 0x00000007ff600000|100%| O|Cm|TAMS 0x00000007ff400000| PB 0x00000007ff400000| Complete 
|1730|0x00000007ff600000, 0x00000007ff800000, 0x00000007ff800000|100%| O|  |TAMS 0x00000007ff600000| PB 0x00000007ff600000| Untracked 
|1731|0x00000007ff800000, 0x00000007ffa00000, 0x00000007ffa00000|100%| O|  |TAMS 0x00000007ff800000| PB 0x00000007ff800000| Untracked 
|1732|0x00000007ffa00000, 0x00000007ffc00000, 0x00000007ffc00000|100%| O|  |TAMS 0x00000007ffa00000| PB 0x00000007ffa00000| Untracked 
|1733|0x00000007ffc00000, 0x00000007ffe00000, 0x00000007ffe00000|100%| O|  |TAMS 0x00000007ffc00000| PB 0x00000007ffc00000| Untracked 
|1734|0x00000007ffe00000, 0x0000000800000000, 0x0000000800000000|100%| E|CS|TAMS 0x00000007ffe00000| PB 0x00000007ffe00000| Complete 

Card table byte_map: [0x0000784819b93000,0x000078481a25a000] _byte_map_base: 0x000078481625a000

Marking Bits: (CMBitMap*) 0x000078481407a910
 Bits: [0x00007847f91c8000, 0x00007847fc800000)

Polling page: 0x000078481d5a4000

Metaspace:

Usage:
  Non-class:     41.77 MB used.
      Class:      5.67 MB used.
       Both:     47.44 MB used.

Virtual space:
  Non-class space:       64.00 MB reserved,      42.06 MB ( 66%) committed,  1 nodes.
      Class space:        1.00 GB reserved,       5.94 MB ( <1%) committed,  1 nodes.
             Both:        1.06 GB reserved,      48.00 MB (  4%) committed. 

Chunk freelists:
   Non-Class:  5.44 MB
       Class:  9.88 MB
        Both:  15.31 MB

MaxMetaspaceSize: unlimited
CompressedClassSpaceSize: 1.00 GB
Initial GC threshold: 21.00 MB
Current GC threshold: 79.06 MB
CDS: on
 - commit_granule_bytes: 65536.
 - commit_granule_words: 8192.
 - virtual_space_node_default_size: 8388608.
 - enlarge_chunks_in_place: 1.
 - use_allocation_guard: 0.


Internal statistics:

num_allocs_failed_limit: 9.
num_arena_births: 692.
num_arena_deaths: 0.
num_vsnodes_births: 2.
num_vsnodes_deaths: 0.
num_space_committed: 768.
num_space_uncommitted: 0.
num_chunks_returned_to_freelist: 9.
num_chunks_taken_from_freelist: 2284.
num_chunk_merges: 3.
num_chunk_splits: 1597.
num_chunks_enlarged: 1213.
num_inconsistent_stats: 0.

CodeHeap 'non-profiled nmethods': size=119168Kb used=4520Kb max_used=4536Kb free=114647Kb
 bounds [0x00007848043a0000, 0x0000784804820000, 0x000078480b800000]
CodeHeap 'profiled nmethods': size=119164Kb used=19867Kb max_used=19867Kb free=99296Kb
 bounds [0x00007847fc800000, 0x00007847fdb70000, 0x0000784803c5f000]
CodeHeap 'non-nmethods': size=7428Kb used=2084Kb max_used=3804Kb free=5344Kb
 bounds [0x0000784803c5f000, 0x000078480409f000, 0x00007848043a0000]
CodeCache: size=245760Kb, used=26471Kb, max_used=28207Kb, free=219287Kb
 total_blobs=9957, nmethods=9078, adapters=781, full_count=0
Compilation: enabled, stopped_count=0, restarted_count=0

Compilation events (20 events):
Event: 46.791 Thread 0x000078481415e490 nmethod 10193 0x00007847fdb65310 code [0x00007847fdb654c0, 0x00007847fdb657c0]
Event: 46.791 Thread 0x00007847700422f0 nmethod 10192 0x00007847fdb65890 code [0x00007847fdb65a40, 0x00007847fdb65d70]
Event: 46.791 Thread 0x000078481415e490 10194       3       com.sun.javafx.sg.prism.NGNode::accumulateDirtyRegions (112 bytes)
Event: 46.791 Thread 0x000078481415e490 nmethod 10194 0x00007847fdb65e90 code [0x00007847fdb66080, 0x00007847fdb665f8]
Event: 46.914 Thread 0x000078481415cdc0 10195       4       com.sun.javafx.geom.PickRay::setOrigin (12 bytes)
Event: 46.915 Thread 0x000078481415cdc0 nmethod 10195 0x0000784804478d10 code [0x0000784804478e80, 0x0000784804478f40]
Event: 47.061 Thread 0x000078481415cdc0 10196   !   4       javafx.scene.Node::intersectsBounds (1005 bytes)
Event: 47.072 Thread 0x000078481415cdc0 nmethod 10196 0x0000784804475e90 code [0x00007848044761a0, 0x00007848044775b0]
Event: 47.760 Thread 0x000078481415e490 10197   !   3       java.util.concurrent.locks.AbstractQueuedSynchronizer::reacquire (64 bytes)
Event: 47.760 Thread 0x000078481415e490 nmethod 10197 0x00007847fdb66710 code [0x00007847fdb668e0, 0x00007847fdb66c50]
Event: 47.761 Thread 0x000078481415e490 10200       3       java.util.concurrent.locks.AbstractQueuedSynchronizer$ConditionNode::block (15 bytes)
Event: 47.761 Thread 0x000078481415e490 nmethod 10200 0x00007847fdb66e10 code [0x00007847fdb67000, 0x00007847fdb675c8]
Event: 47.761 Thread 0x000078481415e490 10198       3       java.util.concurrent.ForkJoinPool::managedBlock (36 bytes)
Event: 47.762 Thread 0x000078481415e490 nmethod 10198 0x00007847fdb67790 code [0x00007847fdb67a00, 0x00007847fdb686c8]
Event: 47.762 Thread 0x000078481415e490 10199       3       java.util.concurrent.ForkJoinPool::unmanagedBlock (31 bytes)
Event: 47.762 Thread 0x000078481415e490 nmethod 10199 0x00007847fdb68a10 code [0x00007847fdb68c40, 0x00007847fdb695a0]
Event: 47.765 Thread 0x000078481415e490 10201       3       java.util.regex.CharPredicates$$Lambda/0x800000025::is (5 bytes)
Event: 47.766 Thread 0x000078481415e490 nmethod 10201 0x00007847fdb69890 code [0x00007847fdb69a40, 0x00007847fdb69ce0]
Event: 47.766 Thread 0x000078481415e490 10202       3       java.util.regex.CharPredicates::lambda$ASCII_DIGIT$18 (20 bytes)
Event: 47.766 Thread 0x000078481415e490 nmethod 10202 0x00007847fdb69d90 code [0x00007847fdb69f40, 0x00007847fdb6a160]

GC Heap History (20 events):
Event: 3.554 GC heap before
{Heap before GC invocations=4 (full 0):
 garbage-first heap   total 49152K, used 47402K [0x0000000727200000, 0x0000000800000000)
  region size 2048K, 23 young (47104K), 6 survivors (12288K)
 Metaspace       used 23275K, committed 23616K, reserved 1114112K
  class space    used 2599K, committed 2752K, reserved 1048576K
}
Event: 3.568 GC heap after
{Heap after GC invocations=5 (full 0):
 garbage-first heap   total 63488K, used 13946K [0x0000000727200000, 0x0000000800000000)
  region size 2048K, 5 young (10240K), 5 survivors (10240K)
 Metaspace       used 23275K, committed 23616K, reserved 1114112K
  class space    used 2599K, committed 2752K, reserved 1048576K
}
Event: 7.425 GC heap before
{Heap before GC invocations=5 (full 0):
 garbage-first heap   total 63488K, used 40570K [0x0000000727200000, 0x0000000800000000)
  region size 2048K, 18 young (36864K), 5 survivors (10240K)
 Metaspace       used 26019K, committed 26368K, reserved 1114112K
  class space    used 2885K, committed 3072K, reserved 1048576K
}
Event: 7.437 GC heap after
{Heap after GC invocations=6 (full 0):
 garbage-first heap   total 63488K, used 16065K [0x0000000727200000, 0x0000000800000000)
  region size 2048K, 2 young (4096K), 2 survivors (4096K)
 Metaspace       used 26019K, committed 26368K, reserved 1114112K
  class space    used 2885K, committed 3072K, reserved 1048576K
}
Event: 8.060 GC heap before
{Heap before GC invocations=6 (full 0):
 garbage-first heap   total 63488K, used 48833K [0x0000000727200000, 0x0000000800000000)
  region size 2048K, 18 young (36864K), 2 survivors (4096K)
 Metaspace       used 32630K, committed 33024K, reserved 1114112K
  class space    used 3644K, committed 3840K, reserved 1048576K
}
Event: 8.071 GC heap after
{Heap after GC invocations=7 (full 0):
 garbage-first heap   total 63488K, used 23164K [0x0000000727200000, 0x0000000800000000)
  region size 2048K, 3 young (6144K), 3 survivors (6144K)
 Metaspace       used 32630K, committed 33024K, reserved 1114112K
  class space    used 3644K, committed 3840K, reserved 1048576K
}
Event: 8.961 GC heap before
{Heap before GC invocations=7 (full 0):
 garbage-first heap   total 63488K, used 47740K [0x0000000727200000, 0x0000000800000000)
  region size 2048K, 16 young (32768K), 3 survivors (6144K)
 Metaspace       used 34863K, committed 35264K, reserved 1114112K
  class space    used 3875K, committed 4032K, reserved 1048576K
}
Event: 8.971 GC heap after
{Heap after GC invocations=8 (full 0):
 garbage-first heap   total 63488K, used 26243K [0x0000000727200000, 0x0000000800000000)
  region size 2048K, 2 young (4096K), 2 survivors (4096K)
 Metaspace       used 34863K, committed 35264K, reserved 1114112K
  class space    used 3875K, committed 4032K, reserved 1048576K
}
Event: 9.093 GC heap before
{Heap before GC invocations=8 (full 0):
 garbage-first heap   total 63488K, used 42627K [0x0000000727200000, 0x0000000800000000)
  region size 2048K, 11 young (22528K), 2 survivors (4096K)
 Metaspace       used 35671K, committed 36096K, reserved 1114112K
  class space    used 3941K, committed 4160K, reserved 1048576K
}
Event: 9.096 GC heap after
{Heap after GC invocations=9 (full 0):
 garbage-first heap   total 63488K, used 27648K [0x0000000727200000, 0x0000000800000000)
  region size 2048K, 1 young (2048K), 1 survivors (2048K)
 Metaspace       used 35671K, committed 36096K, reserved 1114112K
  class space    used 3941K, committed 4160K, reserved 1048576K
}
Event: 9.605 GC heap before
{Heap before GC invocations=10 (full 0):
 garbage-first heap   total 63488K, used 50176K [0x0000000727200000, 0x0000000800000000)
  region size 2048K, 13 young (26624K), 1 survivors (2048K)
 Metaspace       used 41199K, committed 41728K, reserved 1114112K
  class space    used 4787K, committed 5056K, reserved 1048576K
}
Event: 9.609 GC heap after
{Heap after GC invocations=11 (full 0):
 garbage-first heap   total 102400K, used 30306K [0x0000000727200000, 0x0000000800000000)
  region size 2048K, 2 young (4096K), 2 survivors (4096K)
 Metaspace       used 41199K, committed 41728K, reserved 1114112K
  class space    used 4787K, committed 5056K, reserved 1048576K
}
Event: 34.069 GC heap before
{Heap before GC invocations=11 (full 0):
 garbage-first heap   total 102400K, used 91746K [0x0000000727200000, 0x0000000800000000)
  region size 2048K, 28 young (57344K), 2 survivors (4096K)
 Metaspace       used 47245K, committed 47936K, reserved 1114112K
  class space    used 5767K, committed 6080K, reserved 1048576K
}
Event: 34.082 GC heap after
{Heap after GC invocations=12 (full 0):
 garbage-first heap   total 116736K, used 55549K [0x0000000727200000, 0x0000000800000000)
  region size 2048K, 4 young (8192K), 4 survivors (8192K)
 Metaspace       used 47245K, committed 47936K, reserved 1114112K
  class space    used 5767K, committed 6080K, reserved 1048576K
}
Event: 34.712 GC heap before
{Heap before GC invocations=12 (full 0):
 garbage-first heap   total 116736K, used 92413K [0x0000000727200000, 0x0000000800000000)
  region size 2048K, 23 young (47104K), 4 survivors (8192K)
 Metaspace       used 47820K, committed 48448K, reserved 1114112K
  class space    used 5793K, committed 6080K, reserved 1048576K
}
Event: 34.727 GC heap after
{Heap after GC invocations=13 (full 0):
 garbage-first heap   total 126976K, used 79681K [0x0000000727200000, 0x0000000800000000)
  region size 2048K, 3 young (6144K), 3 survivors (6144K)
 Metaspace       used 47820K, committed 48448K, reserved 1114112K
  class space    used 5793K, committed 6080K, reserved 1048576K
}
Event: 35.159 GC heap before
{Heap before GC invocations=13 (full 0):
 garbage-first heap   total 126976K, used 100161K [0x0000000727200000, 0x0000000800000000)
  region size 2048K, 14 young (28672K), 3 survivors (6144K)
 Metaspace       used 47905K, committed 48576K, reserved 1114112K
  class space    used 5796K, committed 6080K, reserved 1048576K
}
Event: 35.163 GC heap after
{Heap after GC invocations=14 (full 0):
 garbage-first heap   total 126976K, used 90643K [0x0000000727200000, 0x0000000800000000)
  region size 2048K, 2 young (4096K), 2 survivors (4096K)
 Metaspace       used 47905K, committed 48576K, reserved 1114112K
  class space    used 5796K, committed 6080K, reserved 1048576K
}
Event: 35.387 GC heap before
{Heap before GC invocations=15 (full 0):
 garbage-first heap   total 153600K, used 102931K [0x0000000727200000, 0x0000000800000000)
  region size 2048K, 9 young (18432K), 2 survivors (4096K)
 Metaspace       used 48085K, committed 48704K, reserved 1114112K
  class space    used 5796K, committed 6080K, reserved 1048576K
}
Event: 35.391 GC heap after
{Heap after GC invocations=16 (full 0):
 garbage-first heap   total 153600K, used 99188K [0x0000000727200000, 0x0000000800000000)
  region size 2048K, 2 young (4096K), 2 survivors (4096K)
 Metaspace       used 48085K, committed 48704K, reserved 1114112K
  class space    used 5796K, committed 6080K, reserved 1048576K
}

Dll operation events (16 events):
Event: 0.004 Loaded shared library /usr/lib/jvm/java-21-openjdk-amd64/lib/libjava.so
Event: 0.043 Loaded shared library /usr/lib/jvm/java-21-openjdk-amd64/lib/libjsvml.so
Event: 0.045 Loaded shared library /usr/lib/jvm/java-21-openjdk-amd64/lib/libnio.so
Event: 0.068 Loaded shared library /usr/lib/jvm/java-21-openjdk-amd64/lib/libzip.so
Event: 0.147 Loaded shared library /usr/lib/jvm/java-21-openjdk-amd64/lib/libnet.so
Event: 0.219 Loaded shared library /usr/lib/jvm/java-21-openjdk-amd64/lib/libjimage.so
Event: 0.302 Loaded shared library /usr/lib/jvm/java-21-openjdk-amd64/lib/libverify.so
Event: 1.853 Loaded shared library /usr/lib/jvm/java-21-openjdk-amd64/lib/libextnet.so
Event: 9.146 Loaded shared library /home/ann/.openjfx/cache/21+31/amd64/libprism_es2.so
Event: 9.364 Loaded shared library /home/ann/.openjfx/cache/21+31/amd64/libprism_sw.so
Event: 9.371 Loaded shared library /home/ann/.openjfx/cache/21+31/amd64/libglass.so
Event: 9.391 Loaded shared library /home/ann/.openjfx/cache/21+31/amd64/libglassgtk3.so
Event: 9.554 Loaded shared library /home/ann/.openjfx/cache/21+31/amd64/libjavafx_font.so
Event: 9.694 Loaded shared library /home/ann/.openjfx/cache/21+31/amd64/libjavafx_font_freetype.so
Event: 9.885 Loaded shared library /home/ann/.openjfx/cache/21+31/amd64/libjavafx_font_pango.so
Event: 10.024 Loaded shared library /home/ann/.openjfx/cache/21+31/amd64/libdecora_sse.so

Deoptimization events (20 events):
Event: 38.956 Thread 0x0000784758526290 DEOPT PACKING pc=0x00007847fda28a3f sp=0x00007847f82ee3f0
Event: 38.956 Thread 0x0000784758526290 DEOPT UNPACKING pc=0x0000784803cb714f sp=0x00007847f82ed860 mode 0
Event: 38.976 Thread 0x0000784758526290 DEOPT PACKING pc=0x00007847fda2886b sp=0x00007847f82ee3f0
Event: 38.976 Thread 0x0000784758526290 DEOPT UNPACKING pc=0x0000784803cb714f sp=0x00007847f82ed860 mode 0
Event: 41.239 Thread 0x0000784758526290 DEOPT PACKING pc=0x00007847fd35568b sp=0x00007847f82ef410
Event: 41.239 Thread 0x0000784758526290 DEOPT UNPACKING pc=0x0000784803cb714f sp=0x00007847f82ee830 mode 0
Event: 42.019 Thread 0x0000784758526290 Uncommon trap: trap_request=0xffffff45 fr.pc=0x00007848044d9840 relative=0x0000000000002a40
Event: 42.019 Thread 0x0000784758526290 Uncommon trap: reason=unstable_if action=reinterpret pc=0x00007848044d9840 method=com.sun.marlin.Renderer._endRendering(IILcom/sun/marlin/MarlinAlphaConsumer;)V @ 2576 c2
Event: 42.019 Thread 0x0000784758526290 DEOPT PACKING pc=0x00007848044d9840 sp=0x00007847f82efcc0
Event: 42.019 Thread 0x0000784758526290 DEOPT UNPACKING pc=0x0000784803cb6619 sp=0x00007847f82efb20 mode 2
Event: 46.304 Thread 0x0000784758526290 DEOPT PACKING pc=0x00007847fd80b349 sp=0x00007847f82ef3d0
Event: 46.304 Thread 0x0000784758526290 DEOPT UNPACKING pc=0x0000784803cb714f sp=0x00007847f82ee880 mode 0
Event: 46.790 Thread 0x0000784758147b70 Uncommon trap: trap_request=0xffffffd6 fr.pc=0x0000784804812c8c relative=0x000000000000432c
Event: 46.790 Thread 0x0000784758147b70 Uncommon trap: reason=array_check action=maybe_recompile pc=0x0000784804812c8c method=com.sun.javafx.css.StyleCacheEntry$Key.<init>([Ljava/util/Set;Ljavafx/scene/text/Font;)V @ 39 c2
Event: 46.790 Thread 0x0000784758147b70 DEOPT PACKING pc=0x0000784804812c8c sp=0x00007847f8af4770
Event: 46.790 Thread 0x0000784758147b70 DEOPT UNPACKING pc=0x0000784803cb6619 sp=0x00007847f8af4660 mode 2
Event: 46.790 Thread 0x0000784758147b70 Uncommon trap: trap_request=0xffffffd6 fr.pc=0x0000784804812c8c relative=0x000000000000432c
Event: 46.790 Thread 0x0000784758147b70 Uncommon trap: reason=array_check action=maybe_recompile pc=0x0000784804812c8c method=com.sun.javafx.css.StyleCacheEntry$Key.<init>([Ljava/util/Set;Ljavafx/scene/text/Font;)V @ 39 c2
Event: 46.790 Thread 0x0000784758147b70 DEOPT PACKING pc=0x0000784804812c8c sp=0x00007847f8af4730
Event: 46.790 Thread 0x0000784758147b70 DEOPT UNPACKING pc=0x0000784803cb6619 sp=0x00007847f8af4620 mode 2

Classes loaded (20 events):
Event: 9.966 Loading class java/nio/HeapIntBuffer
Event: 9.967 Loading class java/nio/HeapIntBuffer done
Event: 9.984 Loading class jdk/internal/ref/CleanerImpl$InnocuousThreadFactory
Event: 9.985 Loading class jdk/internal/ref/CleanerImpl$InnocuousThreadFactory done
Event: 10.017 Loading class java/lang/FdLibm$Acos
Event: 10.018 Loading class java/lang/FdLibm$Acos done
Event: 10.018 Loading class java/lang/FdLibm
Event: 10.018 Loading class java/lang/FdLibm done
Event: 10.034 Loading class java/nio/ShortBuffer
Event: 10.034 Loading class java/nio/ShortBuffer done
Event: 10.034 Loading class java/nio/FloatBuffer
Event: 10.034 Loading class java/nio/FloatBuffer done
Event: 10.034 Loading class java/nio/DoubleBuffer
Event: 10.035 Loading class java/nio/DoubleBuffer done
Event: 32.569 Loading class java/security/CodeSigner
Event: 32.570 Loading class java/security/CodeSigner done
Event: 32.726 Loading class java/lang/FdLibm$Hypot
Event: 32.726 Loading class java/lang/FdLibm$Hypot done
Event: 34.462 Loading class java/lang/FdLibm$Cbrt
Event: 34.462 Loading class java/lang/FdLibm$Cbrt done

Classes unloaded (0 events):
No events

Classes redefined (0 events):
No events

Internal exceptions (20 events):
Event: 9.457 Thread 0x0000784758147b70 Exception <a 'java/lang/NullPointerException'{0x0000000732f3ae10}> (0x0000000732f3ae10) 
thrown [./src/hotspot/share/interpreter/linkResolver.cpp, line 1372]
Event: 9.511 Thread 0x0000784758147b70 Implicit null exception at 0x00007848046a685e to 0x00007848046a6987
Event: 9.512 Thread 0x0000784758147b70 Exception <a 'java/lang/ClassNotFoundException'{0x0000000732a9a300}: sun/util/logging/resources/spi/loggingProvider> (0x0000000732a9a300) 
thrown [./src/hotspot/share/classfile/systemDictionary.cpp, line 312]
Event: 9.602 Thread 0x0000784758147b70 Exception <a 'java/lang/NoSuchMethodError'{0x00000007293abf00}: 'void java.lang.invoke.DirectMethodHandle$Holder.invokeStaticInit(java.lang.Object, java.lang.Object)'> (0x00000007293abf00) 
thrown [./src/hotspot/share/interpreter/linkResolver.cpp, line 772]
Event: 9.616 Thread 0x0000784758147b70 Exception <a 'java/lang/NoSuchMethodError'{0x00000007ffe84958}: 'void java.lang.invoke.DirectMethodHandle$Holder.invokeSpecial(java.lang.Object, java.lang.Object, int)'> (0x00000007ffe84958) 
thrown [./src/hotspot/share/interpreter/linkResolver.cpp, line 772]
Event: 9.617 Thread 0x0000784758147b70 Implicit null exception at 0x00007848044836fb to 0x0000784804483970
Event: 9.617 Thread 0x0000784758147b70 Exception <a 'java/lang/NoSuchMethodError'{0x00000007ffe88d70}: 'void java.lang.invoke.DirectMethodHandle$Holder.invokeSpecial(java.lang.Object, java.lang.Object, double)'> (0x00000007ffe88d70) 
thrown [./src/hotspot/share/interpreter/linkResolver.cpp, line 772]
Event: 9.618 Thread 0x0000784758147b70 Exception <a 'java/lang/NoSuchMethodError'{0x00000007ffe933a8}: 'double java.lang.invoke.DelegatingMethodHandle$Holder.reinvoke_L(java.lang.Object, java.lang.Object, int)'> (0x00000007ffe933a8) 
thrown [./src/hotspot/share/interpreter/linkResolver.cpp, line 772]
Event: 9.618 Thread 0x0000784758147b70 Exception <a 'java/lang/NoSuchMethodError'{0x00000007ffe9d150}: 'void java.lang.invoke.DelegatingMethodHandle$Holder.reinvoke_L(java.lang.Object, java.lang.Object, double)'> (0x00000007ffe9d150) 
thrown [./src/hotspot/share/interpreter/linkResolver.cpp, line 772]
Event: 9.639 Thread 0x0000784758147b70 Exception <a 'java/lang/NoSuchMethodError'{0x00000007fff86ae0}: 'java.lang.Object java.lang.invoke.DelegatingMethodHandle$Holder.reinvoke_L(java.lang.Object, double, double, double, double)'> (0x00000007fff86ae0) 
thrown [./src/hotspot/share/interpreter/linkResolver.cpp, line 772]
Event: 9.809 Thread 0x0000784758147b70 Exception <a 'java/lang/NoSuchMethodError'{0x0000000732d6dd58}: 'java.lang.Object java.lang.invoke.DirectMethodHandle$Holder.invokeInterface(java.lang.Object, java.lang.Object, java.lang.Object)'> (0x0000000732d6dd58) 
thrown [./src/hotspot/share/interpreter/linkResolver.cpp, line 772]
Event: 9.809 Thread 0x0000784758147b70 Exception <a 'java/lang/IncompatibleClassChangeError'{0x0000000732d71400}: Found class java.lang.Object, but interface was expected> (0x0000000732d71400) 
thrown [./src/hotspot/share/interpreter/linkResolver.cpp, line 840]
Event: 9.890 Thread 0x0000784758147b70 Exception <a 'java/lang/NoSuchMethodError'{0x000000072be25d90}: 'int java.lang.invoke.DirectMethodHandle$Holder.invokeSpecial(java.lang.Object, java.lang.Object, int)'> (0x000000072be25d90) 
thrown [./src/hotspot/share/interpreter/linkResolver.cpp, line 772]
Event: 9.904 Thread 0x0000784758147b70 Exception <a 'java/lang/NoSuchMethodError'{0x000000072beaa748}: 'java.lang.Object java.lang.invoke.DirectMethodHandle$Holder.newInvokeSpecial(java.lang.Object, java.lang.Object, int)'> (0x000000072beaa748) 
thrown [./src/hotspot/share/interpreter/linkResolver.cpp, line 772]
Event: 9.911 Thread 0x0000784758147b70 Exception <a 'java/io/FileNotFoundException'{0x000000072bf23998}> (0x000000072bf23998) 
thrown [./src/hotspot/share/prims/jni.cpp, line 520]
Event: 32.577 Thread 0x0000784758147b70 Exception <a 'java/lang/NoSuchMethodError'{0x000000072b431210}: 'long java.lang.invoke.DirectMethodHandle$Holder.invokeStatic(java.lang.Object, java.lang.Object, java.lang.Object)'> (0x000000072b431210) 
thrown [./src/hotspot/share/interpreter/linkResolver.cpp, line 772]
Event: 32.577 Thread 0x0000784758147b70 Exception <a 'java/lang/NoSuchMethodError'{0x000000072b4345f0}: 'long java.lang.invoke.DirectMethodHandle$Holder.invokeStaticInit(java.lang.Object, java.lang.Object, java.lang.Object)'> (0x000000072b4345f0) 
thrown [./src/hotspot/share/interpreter/linkResolver.cpp, line 772]
Event: 32.579 Thread 0x0000784758147b70 Exception <a 'java/lang/NoSuchMethodError'{0x000000072b448cf8}: 'java.lang.Object java.lang.invoke.DirectMethodHandle$Holder.newInvokeSpecial(java.lang.Object, java.lang.Object, long)'> (0x000000072b448cf8) 
thrown [./src/hotspot/share/interpreter/linkResolver.cpp, line 772]
Event: 32.580 Thread 0x0000784758147b70 Exception <a 'java/lang/NoSuchMethodError'{0x000000072b44c3d0}: 'java.lang.Object java.lang.invoke.Invokers$Holder.linkToTargetMethod(java.lang.Object, long, java.lang.Object)'> (0x000000072b44c3d0) 
thrown [./src/hotspot/share/interpreter/linkResolver.cpp, line 772]
Event: 32.726 Thread 0x0000784758526290 Exception <a 'java/lang/NoSuchMethodError'{0x000000072b581de8}: 'java.lang.Object java.lang.invoke.DirectMethodHandle$Holder.invokeStaticInit(java.lang.Object, int)'> (0x000000072b581de8) 
thrown [./src/hotspot/share/interpreter/linkResolver.cpp, line 772]

ZGC Phase Switch (0 events):
No events

VM Operations (20 events):
Event: 38.397 Executing safepoint VM operation: Cleanup
Event: 38.397 Executing safepoint VM operation: Cleanup done
Event: 39.398 Executing safepoint VM operation: Cleanup
Event: 39.398 Executing safepoint VM operation: Cleanup done
Event: 40.421 Executing safepoint VM operation: Cleanup
Event: 40.421 Executing safepoint VM operation: Cleanup done
Event: 41.430 Executing safepoint VM operation: Cleanup
Event: 41.430 Executing safepoint VM operation: Cleanup done
Event: 42.441 Executing safepoint VM operation: Cleanup
Event: 42.441 Executing safepoint VM operation: Cleanup done
Event: 43.444 Executing safepoint VM operation: Cleanup
Event: 43.444 Executing safepoint VM operation: Cleanup done
Event: 44.454 Executing safepoint VM operation: Cleanup
Event: 44.454 Executing safepoint VM operation: Cleanup done
Event: 45.456 Executing safepoint VM operation: Cleanup
Event: 45.456 Executing safepoint VM operation: Cleanup done
Event: 46.466 Executing safepoint VM operation: Cleanup
Event: 46.466 Executing safepoint VM operation: Cleanup done
Event: 47.468 Executing safepoint VM operation: Cleanup
Event: 47.468 Executing safepoint VM operation: Cleanup done

Memory protections (20 events):
Event: 9.408 Protecting memory [0x00007847f8bf7000,0x00007847f8bfb000] with protection modes 0
Event: 9.409 Protecting memory [0x00007847f89f7000,0x00007847f89fb000] with protection modes 0
Event: 9.803 Protecting memory [0x00007847f80f3000,0x00007847f80f7000] with protection modes 0
Event: 9.985 Protecting memory [0x00007847e94b2000,0x00007847e94b6000] with protection modes 0
Event: 11.953 Protecting memory [0x00007847f8ff7000,0x00007847f8ffb000] with protection modes 0
Event: 31.543 Protecting memory [0x00007847f8ff7000,0x00007847f8ffb000] with protection modes 0
Event: 33.597 Protecting memory [0x00007847f8df7000,0x00007847f8dfb000] with protection modes 0
Event: 34.372 Protecting memory [0x00007847f88f7000,0x00007847f88fb000] with protection modes 0
Event: 34.424 Protecting memory [0x00007847f8cf7000,0x00007847f8cfb000] with protection modes 0
Event: 34.427 Protecting memory [0x00007846fc0fb000,0x00007846fc0ff000] with protection modes 0
Event: 34.429 Protecting memory [0x00007846f46f9000,0x00007846f46fd000] with protection modes 0
Event: 35.347 Protecting memory [0x00007847f88f7000,0x00007847f88fb000] with protection modes 0
Event: 36.525 Protecting memory [0x00007846f46f9000,0x00007846f46fd000] with protection modes 0
Event: 36.650 Protecting memory [0x00007847f88f7000,0x00007847f88fb000] with protection modes 0
Event: 37.896 Protecting memory [0x00007847f88f7000,0x00007847f88fb000] with protection modes 0
Event: 38.852 Protecting memory [0x00007847f88f7000,0x00007847f88fb000] with protection modes 0
Event: 42.015 Protecting memory [0x00007846fc0fb000,0x00007846fc0ff000] with protection modes 0
Event: 42.015 Protecting memory [0x00007847f88f7000,0x00007847f88fb000] with protection modes 0
Event: 42.018 Protecting memory [0x00007846f46f9000,0x00007846f46fd000] with protection modes 0
Event: 46.302 Protecting memory [0x00007847f88f7000,0x00007847f88fb000] with protection modes 0

Nmethod flushes (20 events):
Event: 35.192 Thread 0x0000784814149860 flushing  nmethod 0x00007847fd3faf90
Event: 35.192 Thread 0x0000784814149860 flushing  nmethod 0x00007847fd41c910
Event: 35.192 Thread 0x0000784814149860 flushing  nmethod 0x00007847fd446990
Event: 35.192 Thread 0x0000784814149860 flushing  nmethod 0x00007847fd447a90
Event: 35.192 Thread 0x0000784814149860 flushing  nmethod 0x00007847fd448390
Event: 35.192 Thread 0x0000784814149860 flushing  nmethod 0x00007847fd479d90
Event: 35.192 Thread 0x0000784814149860 flushing  nmethod 0x00007847fd47a210
Event: 35.192 Thread 0x0000784814149860 flushing  nmethod 0x00007847fd47b990
Event: 35.192 Thread 0x0000784814149860 flushing  nmethod 0x00007847fd47df10
Event: 35.192 Thread 0x0000784814149860 flushing  nmethod 0x00007847fd47e290
Event: 35.192 Thread 0x0000784814149860 flushing  nmethod 0x00007847fd47fa90
Event: 35.192 Thread 0x0000784814149860 flushing  nmethod 0x00007847fd480810
Event: 35.192 Thread 0x0000784814149860 flushing  nmethod 0x00007847fd487290
Event: 35.192 Thread 0x0000784814149860 flushing  nmethod 0x00007847fd4ada90
Event: 35.192 Thread 0x0000784814149860 flushing  nmethod 0x00007847fd4ade10
Event: 35.192 Thread 0x0000784814149860 flushing  nmethod 0x00007847fd4b5110
Event: 35.192 Thread 0x0000784814149860 flushing  nmethod 0x00007847fd4b7b10
Event: 35.192 Thread 0x0000784814149860 flushing  nmethod 0x00007847fd4bb690
Event: 35.192 Thread 0x0000784814149860 flushing  nmethod 0x00007847fd4bc110
Event: 35.192 Thread 0x0000784814149860 flushing  nmethod 0x00007847fd554690

Events (20 events):
Event: 37.209 Thread 0x000078464c0a7f40 Thread exited: 0x000078464c0a7f40
Event: 37.896 Thread 0x00007847702fb970 Thread added: 0x0000784648065da0
Event: 38.844 Thread 0x0000784648065da0 Thread exited: 0x0000784648065da0
Event: 38.851 Thread 0x00007847702fb970 Thread added: 0x0000784648068530
Event: 39.191 Thread 0x0000784648068530 Thread exited: 0x0000784648068530
Event: 40.646 Thread 0x00007847702fb970 Thread exited: 0x00007847702fb970
Event: 42.015 Thread 0x0000784770504070 Thread added: 0x0000784774549ce0
Event: 42.015 Thread 0x0000784770504070 Thread added: 0x000078477454aa00
Event: 42.015 Thread 0x0000784770504070 Thread added: 0x00007847741df260
Event: 42.183 Thread 0x0000784774549ce0 Thread exited: 0x0000784774549ce0
Event: 43.237 Thread 0x00007847741df260 Thread exited: 0x00007847741df260
Event: 43.278 Thread 0x000078477454aa00 Thread exited: 0x000078477454aa00
Event: 43.278 Thread 0x0000784770504070 Thread exited: 0x0000784770504070
Event: 46.300 Thread 0x000078481415e490 Thread added: 0x00007847700422f0
Event: 47.760 Thread 0x00007847700422f0 Thread exited: 0x00007847700422f0
Event: 47.763 Thread 0x0000784758526290 Thread exited: 0x0000784758526290
Event: 47.763 Thread 0x000078471001da80 Thread exited: 0x000078471001da80
Event: 47.763 Thread 0x0000784815048040 Thread exited: 0x0000784815048040
Event: 47.763 Thread 0x0000784758147b70 Thread exited: 0x0000784758147b70
Event: 47.764 Thread 0x0000784758146110 Thread exited: 0x0000784758146110


Dynamic libraries:
727200000-72ee00000 rw-p 00000000 00:00 0 
72ee00000-732a00000 ---p 00000000 00:00 0 
732a00000-733600000 rw-p 00000000 00:00 0 
733600000-734a00000 ---p 00000000 00:00 0 
734a00000-734c00000 rw-p 00000000 00:00 0 
734c00000-7fe400000 ---p 00000000 00:00 0 
7fe400000-7ffe00000 rw-p 00000000 00:00 0 
7ffe00000-7fff0d000 rw-p 00cdb000 08:30 107391                           /usr/lib/jvm/java-21-openjdk-amd64/lib/server/classes.jsa
7fff0d000-800000000 rw-p 00000000 00:00 0 
5909f46f1000-5909f46f2000 r--p 00000000 08:30 80814                      /usr/lib/jvm/java-21-openjdk-amd64/bin/java
5909f46f2000-5909f46f3000 r-xp 00001000 08:30 80814                      /usr/lib/jvm/java-21-openjdk-amd64/bin/java
5909f46f3000-5909f46f4000 r--p 00002000 08:30 80814                      /usr/lib/jvm/java-21-openjdk-amd64/bin/java
5909f46f4000-5909f46f5000 r--p 00002000 08:30 80814                      /usr/lib/jvm/java-21-openjdk-amd64/bin/java
5909f46f5000-5909f46f6000 rw-p 00003000 08:30 80814                      /usr/lib/jvm/java-21-openjdk-amd64/bin/java
590a1bd40000-590a1bd88000 rw-p 00000000 00:00 0                          [heap]
784647178000-784648110000 rw-p 00000000 00:00 0 
784648110000-78464c000000 ---p 00000000 00:00 0 
78464c000000-78464c0bc000 rw-p 00000000 00:00 0 
78464c0bc000-784650000000 ---p 00000000 00:00 0 
784650000000-784650021000 rw-p 00000000 00:00 0 
784650021000-784654000000 ---p 00000000 00:00 0 
784654000000-784654021000 rw-p 00000000 00:00 0 
784654021000-784658000000 ---p 00000000 00:00 0 
784658000000-784658021000 rw-p 00000000 00:00 0 
784658021000-78465c000000 ---p 00000000 00:00 0 
78465c000000-78465c021000 rw-p 00000000 00:00 0 
78465c021000-784660000000 ---p 00000000 00:00 0 
784660000000-784660021000 rw-p 00000000 00:00 0 
784660021000-784664000000 ---p 00000000 00:00 0 
784664000000-784664021000 rw-p 00000000 00:00 0 
784664021000-784668000000 ---p 00000000 00:00 0 
784668000000-784668021000 rw-p 00000000 00:00 0 
784668021000-78466c000000 ---p 00000000 00:00 0 
78466c000000-78466c021000 rw-p 00000000 00:00 0 
78466c021000-784670000000 ---p 00000000 00:00 0 
7846707fb000-784670ffb000 rw-s 00000000 00:01 8                          /SYSV00000000 (deleted)
784670ffb000-784670ffc000 ---p 00000000 00:00 0 
784670ffc000-7846717fc000 rw-p 00000000 00:00 0 
7846717fc000-7846717fd000 ---p 00000000 00:00 0 
7846717fd000-784671ffd000 rw-p 00000000 00:00 0 
784671ffd000-784671ffe000 ---p 00000000 00:00 0 
784671ffe000-7846727fe000 rw-p 00000000 00:00 0 
7846727fe000-7846727ff000 ---p 00000000 00:00 0 
7846727ff000-784672fff000 rw-p 00000000 00:00 0 
784672fff000-784673000000 ---p 00000000 00:00 0 
784673000000-784673800000 rw-p 00000000 00:00 0 
784673800000-784673883000 r--p 00000000 08:30 12841                      /usr/lib/x86_64-linux-gnu/libgtk-3.so.0.2409.32
784673883000-784673c31000 r-xp 00083000 08:30 12841                      /usr/lib/x86_64-linux-gnu/libgtk-3.so.0.2409.32
784673c31000-784673faf000 r--p 00431000 08:30 12841                      /usr/lib/x86_64-linux-gnu/libgtk-3.so.0.2409.32
784673faf000-784673fbf000 r--p 007ae000 08:30 12841                      /usr/lib/x86_64-linux-gnu/libgtk-3.so.0.2409.32
784673fbf000-784673fc1000 rw-p 007be000 08:30 12841                      /usr/lib/x86_64-linux-gnu/libgtk-3.so.0.2409.32
784673fc1000-784673fc6000 rw-p 00000000 00:00 0 
784674000000-784674021000 rw-p 00000000 00:00 0 
784674021000-784678000000 ---p 00000000 00:00 0 
784678000000-784678021000 rw-p 00000000 00:00 0 
784678021000-78467c000000 ---p 00000000 00:00 0 
78467c000000-78467c021000 rw-p 00000000 00:00 0 
78467c021000-784680000000 ---p 00000000 00:00 0 
784680000000-784680021000 rw-p 00000000 00:00 0 
784680021000-784684000000 ---p 00000000 00:00 0 
784684000000-784684021000 rw-p 00000000 00:00 0 
784684021000-784688000000 ---p 00000000 00:00 0 
784688000000-784688021000 rw-p 00000000 00:00 0 
784688021000-78468c000000 ---p 00000000 00:00 0 
78468c000000-78468c021000 rw-p 00000000 00:00 0 
78468c021000-784690000000 ---p 00000000 00:00 0 
7846907f9000-7846907fa000 ---p 00000000 00:00 0 
7846907fa000-784690ffa000 rw-p 00000000 00:00 0 
784690ffa000-784690ffb000 ---p 00000000 00:00 0 
784690ffb000-7846917fb000 rw-p 00000000 00:00 0 
7846917fb000-7846917fc000 ---p 00000000 00:00 0 
7846917fc000-784691ffc000 rw-p 00000000 00:00 0 
784691ffc000-784691ffd000 ---p 00000000 00:00 0 
784691ffd000-7846927fd000 rw-p 00000000 00:00 0 
7846927fd000-7846927fe000 ---p 00000000 00:00 0 
7846927fe000-784692ffe000 rw-p 00000000 00:00 0 
784692ffe000-784692fff000 ---p 00000000 00:00 0 
784692fff000-7846937ff000 rw-p 00000000 00:00 0 
7846937ff000-784693800000 ---p 00000000 00:00 0 
784693800000-784694021000 rw-p 00000000 00:00 0 
784694021000-784698000000 ---p 00000000 00:00 0 
784698000000-784698021000 rw-p 00000000 00:00 0 
784698021000-78469c000000 ---p 00000000 00:00 0 
78469c000000-78469c021000 rw-p 00000000 00:00 0 
78469c021000-7846a0000000 ---p 00000000 00:00 0 
7846a0000000-7846a0021000 rw-p 00000000 00:00 0 
7846a0021000-7846a4000000 ---p 00000000 00:00 0 
7846a4000000-7846a4021000 rw-p 00000000 00:00 0 
7846a4021000-7846a8000000 ---p 00000000 00:00 0 
7846a8000000-7846a8021000 rw-p 00000000 00:00 0 
7846a8021000-7846ac000000 ---p 00000000 00:00 0 
7846ac000000-7846ac021000 rw-p 00000000 00:00 0 
7846ac021000-7846b0000000 ---p 00000000 00:00 0 
7846b07f9000-7846b07fa000 ---p 00000000 00:00 0 
7846b07fa000-7846b0ffa000 rw-p 00000000 00:00 0 
7846b0ffa000-7846b0ffb000 ---p 00000000 00:00 0 
7846b0ffb000-7846b17fb000 rw-p 00000000 00:00 0 
7846b17fb000-7846b17fc000 ---p 00000000 00:00 0 
7846b17fc000-7846b1ffc000 rw-p 00000000 00:00 0 
7846b1ffc000-7846b1ffd000 ---p 00000000 00:00 0 
7846b1ffd000-7846b27fd000 rw-p 00000000 00:00 0 
7846b27fd000-7846b27fe000 ---p 00000000 00:00 0 
7846b27fe000-7846b2ffe000 rw-p 00000000 00:00 0 
7846b2ffe000-7846b2fff000 ---p 00000000 00:00 0 
7846b2fff000-7846b37ff000 rw-p 00000000 00:00 0 
7846b37ff000-7846b3800000 ---p 00000000 00:00 0 
7846b3800000-7846b4021000 rw-p 00000000 00:00 0 
7846b4021000-7846b8000000 ---p 00000000 00:00 0 
7846b8000000-7846b8021000 rw-p 00000000 00:00 0 
7846b8021000-7846bc000000 ---p 00000000 00:00 0 
7846bc000000-7846bc021000 rw-p 00000000 00:00 0 
7846bc021000-7846c0000000 ---p 00000000 00:00 0 
7846c0000000-7846c0021000 rw-p 00000000 00:00 0 
7846c0021000-7846c4000000 ---p 00000000 00:00 0 
7846c4000000-7846c4021000 rw-p 00000000 00:00 0 
7846c4021000-7846c8000000 ---p 00000000 00:00 0 
7846c8000000-7846c8021000 rw-p 00000000 00:00 0 
7846c8021000-7846cc000000 ---p 00000000 00:00 0 
7846cc000000-7846cc021000 rw-p 00000000 00:00 0 
7846cc021000-7846d0000000 ---p 00000000 00:00 0 
7846d07f9000-7846d07fa000 ---p 00000000 00:00 0 
7846d07fa000-7846d0ffa000 rw-p 00000000 00:00 0 
7846d0ffa000-7846d0ffb000 ---p 00000000 00:00 0 
7846d0ffb000-7846d17fb000 rw-p 00000000 00:00 0 
7846d17fb000-7846d17fc000 ---p 00000000 00:00 0 
7846d17fc000-7846d1ffc000 rw-p 00000000 00:00 0 
7846d1ffc000-7846d1ffd000 ---p 00000000 00:00 0 
7846d1ffd000-7846d27fd000 rw-p 00000000 00:00 0 
7846d27fd000-7846d27fe000 ---p 00000000 00:00 0 
7846d27fe000-7846d2ffe000 rw-p 00000000 00:00 0 
7846d2ffe000-7846d2fff000 ---p 00000000 00:00 0 
7846d2fff000-7846d37ff000 rw-p 00000000 00:00 0 
7846d37ff000-7846d3800000 ---p 00000000 00:00 0 
7846d3800000-7846d4021000 rw-p 00000000 00:00 0 
7846d4021000-7846d8000000 ---p 00000000 00:00 0 
7846d8000000-7846d8021000 rw-p 00000000 00:00 0 
7846d8021000-7846dc000000 ---p 00000000 00:00 0 
7846dc000000-7846dc021000 rw-p 00000000 00:00 0 
7846dc021000-7846e0000000 ---p 00000000 00:00 0 
7846e0000000-7846e0021000 rw-p 00000000 00:00 0 
7846e0021000-7846e4000000 ---p 00000000 00:00 0 
7846e4000000-7846e4021000 rw-p 00000000 00:00 0 
7846e4021000-7846e8000000 ---p 00000000 00:00 0 
7846e8000000-7846e8021000 rw-p 00000000 00:00 0 
7846e8021000-7846ec000000 ---p 00000000 00:00 0 
7846ec000000-7846ec021000 rw-p 00000000 00:00 0 
7846ec021000-7846f0000000 ---p 00000000 00:00 0 
7846f0000000-7846f0021000 rw-p 00000000 00:00 0 
7846f0021000-7846f4000000 ---p 00000000 00:00 0 
7846f46f9000-7846f46fd000 ---p 00000000 00:00 0 
7846f46fd000-7846f47f9000 rw-p 00000000 00:00 0 
7846f47f9000-7846f47fa000 ---p 00000000 00:00 0 
7846f47fa000-7846f4ffa000 rw-p 00000000 00:00 0 
7846f4ffa000-7846f4ffb000 ---p 00000000 00:00 0 
7846f4ffb000-7846f57fb000 rw-p 00000000 00:00 0 
7846f57fb000-7846f57fc000 ---p 00000000 00:00 0 
7846f57fc000-7846f5ffc000 rw-p 00000000 00:00 0 
7846f5ffc000-7846f5ffd000 ---p 00000000 00:00 0 
7846f5ffd000-7846f67fd000 rw-p 00000000 00:00 0 
7846f67fd000-7846f67fe000 ---p 00000000 00:00 0 
7846f67fe000-7846f6ffe000 rw-p 00000000 00:00 0 
7846f6ffe000-7846f6fff000 ---p 00000000 00:00 0 
7846f6fff000-7846f77ff000 rw-p 00000000 00:00 0 
7846f77ff000-7846f7800000 ---p 00000000 00:00 0 
7846f7800000-7846f8021000 rw-p 00000000 00:00 0 
7846f8021000-7846fc000000 ---p 00000000 00:00 0 
7846fc0fb000-7846fc0ff000 ---p 00000000 00:00 0 
7846fc0ff000-7846fc1fb000 rw-p 00000000 00:00 0 
7846fc1fb000-7846fc1fc000 ---p 00000000 00:00 0 
7846fc1fc000-7846fc9fc000 rw-p 00000000 00:00 0 
7846fc9fc000-7846fc9fd000 ---p 00000000 00:00 0 
7846fc9fd000-7846fd1fd000 rw-p 00000000 00:00 0 
7846fd1fd000-7846fd1fe000 ---p 00000000 00:00 0 
7846fd1fe000-7846fd9fe000 rw-p 00000000 00:00 0 
7846fd9fe000-7846fd9ff000 ---p 00000000 00:00 0 
7846fd9ff000-7846fe1ff000 rw-p 00000000 00:00 0 
7846fe1ff000-7846fe200000 ---p 00000000 00:00 0 
7846fe200000-7846fea00000 rw-p 00000000 00:00 0 
7846fea00000-7846fea01000 r--p 00000000 08:30 12849                      /usr/lib/x86_64-linux-gnu/libicudata.so.74.2
7846fea01000-7846fea02000 r-xp 00001000 08:30 12849                      /usr/lib/x86_64-linux-gnu/libicudata.so.74.2
7846fea02000-78470075e000 r--p 00002000 08:30 12849                      /usr/lib/x86_64-linux-gnu/libicudata.so.74.2
78470075e000-78470075f000 r--p 01d5d000 08:30 12849                      /usr/lib/x86_64-linux-gnu/libicudata.so.74.2
78470075f000-784700760000 rw-p 01d5e000 08:30 12849                      /usr/lib/x86_64-linux-gnu/libicudata.so.74.2
784700800000-784707968000 r-xp 00000000 08:30 12605                      /usr/lib/x86_64-linux-gnu/libLLVM-17.so.1
784707968000-784707da8000 r--p 07167000 08:30 12605                      /usr/lib/x86_64-linux-gnu/libLLVM-17.so.1
784707da8000-784707df2000 rw-p 075a7000 08:30 12605                      /usr/lib/x86_64-linux-gnu/libLLVM-17.so.1
784707df2000-784707e77000 rw-p 00000000 00:00 0 
784707f46000-784708000000 r--p 00000000 08:30 20694                      /usr/share/fonts/truetype/dejavu/DejaVuSans.ttf
784708000000-7847087ff000 rw-p 00000000 00:00 0 
7847087ff000-78470c000000 ---p 00000000 00:00 0 
78470c000000-78470c0cd000 rw-p 00000000 00:00 0 
78470c0cd000-784710000000 ---p 00000000 00:00 0 
784710000000-7847109b6000 rw-p 00000000 00:00 0 
7847109b6000-784714000000 ---p 00000000 00:00 0 
784714000000-784715cc3000 rw-p 00000000 00:00 0 
784715cc3000-784718000000 ---p 00000000 00:00 0 
784718000000-784718021000 rw-p 00000000 00:00 0 
784718021000-78471c000000 ---p 00000000 00:00 0 
78471c000000-78471c021000 rw-p 00000000 00:00 0 
78471c021000-784720000000 ---p 00000000 00:00 0 
784720000000-784720021000 rw-p 00000000 00:00 0 
784720021000-784724000000 ---p 00000000 00:00 0 
784724000000-784724021000 rw-p 00000000 00:00 0 
784724021000-784728000000 ---p 00000000 00:00 0 
784728000000-784728021000 rw-p 00000000 00:00 0 
784728021000-78472c000000 ---p 00000000 00:00 0 
78472c000000-78472c021000 rw-p 00000000 00:00 0 
78472c021000-784730000000 ---p 00000000 00:00 0 
784730000000-7847305b6000 rw-p 00000000 00:00 0 
7847305b6000-784734000000 ---p 00000000 00:00 0 
784734000000-784734021000 rw-p 00000000 00:00 0 
784734021000-784738000000 ---p 00000000 00:00 0 
784738000000-78473862e000 rw-p 00000000 00:00 0 
78473862e000-78473c000000 ---p 00000000 00:00 0 
78473c000000-78473c4aa000 rw-p 00000000 00:00 0 
78473c4aa000-784740000000 ---p 00000000 00:00 0 
784740000000-784740021000 rw-p 00000000 00:00 0 
784740021000-784744000000 ---p 00000000 00:00 0 
784744000000-784744021000 rw-p 00000000 00:00 0 
784744021000-784748000000 ---p 00000000 00:00 0 
784748000000-78474803d000 rw-p 00000000 00:00 0 
78474803d000-78474c000000 ---p 00000000 00:00 0 
78474c000000-78474c021000 rw-p 00000000 00:00 0 
78474c021000-784750000000 ---p 00000000 00:00 0 
784750000000-784750b2e000 rw-p 00000000 00:00 0 
784750b2e000-784754000000 ---p 00000000 00:00 0 
784754000000-784754021000 rw-p 00000000 00:00 0 
784754021000-784758000000 ---p 00000000 00:00 0 
784758000000-784758717000 rw-p 00000000 00:00 0 
784758717000-78475c000000 ---p 00000000 00:00 0 
78475c000000-78475c6e5000 rw-p 00000000 00:00 0 
78475c6e5000-784760000000 ---p 00000000 00:00 0 
784760000000-784761210000 rw-p 00000000 00:00 0 
784761210000-784764000000 ---p 00000000 00:00 0 
784764000000-784764d40000 rw-p 00000000 00:00 0 
784764d40000-784768000000 ---p 00000000 00:00 0 
784768000000-784768021000 rw-p 00000000 00:00 0 
784768021000-78476c000000 ---p 00000000 00:00 0 
78476c000000-78476c93e000 rw-p 00000000 00:00 0 
78476c93e000-784770000000 ---p 00000000 00:00 0 
784770000000-784770508000 rw-p 00000000 00:00 0 
784770508000-784774000000 ---p 00000000 00:00 0 
784774000000-7847746d2000 rw-p 00000000 00:00 0 
7847746d2000-784778000000 ---p 00000000 00:00 0 
784778000000-784778021000 rw-p 00000000 00:00 0 
784778021000-78477c000000 ---p 00000000 00:00 0 
78477c000000-78477d5e8000 rw-p 00000000 00:00 0 
78477d5e8000-784780000000 ---p 00000000 00:00 0 
784780000000-784780021000 rw-p 00000000 00:00 0 
784780021000-784784000000 ---p 00000000 00:00 0 
784784000000-784784021000 rw-p 00000000 00:00 0 
784784021000-784788000000 ---p 00000000 00:00 0 
784788000000-784788021000 rw-p 00000000 00:00 0 
784788021000-78478c000000 ---p 00000000 00:00 0 
78478c000000-78478c021000 rw-p 00000000 00:00 0 
78478c021000-784790000000 ---p 00000000 00:00 0 
784790000000-784790021000 rw-p 00000000 00:00 0 
784790021000-784794000000 ---p 00000000 00:00 0 
784794027000-784794037000 r-xp 00000000 08:30 118473                     /home/ann/.openjfx/cache/21+31/amd64/libdecora_sse.so
784794037000-784794038000 r--p 0000f000 08:30 118473                     /home/ann/.openjfx/cache/21+31/amd64/libdecora_sse.so
784794038000-784794039000 rw-p 00010000 08:30 118473                     /home/ann/.openjfx/cache/21+31/amd64/libdecora_sse.so
784794039000-78479403d000 r-xp 00000000 08:30 118472                     /home/ann/.openjfx/cache/21+31/amd64/libjavafx_font_pango.so
78479403d000-78479403e000 r--p 00003000 08:30 118472                     /home/ann/.openjfx/cache/21+31/amd64/libjavafx_font_pango.so
78479403e000-78479403f000 rw-p 00004000 08:30 118472                     /home/ann/.openjfx/cache/21+31/amd64/libjavafx_font_pango.so
78479403f000-78479409d000 r--s 00000000 08:30 46411                      /var/cache/fontconfig/2300eef321c393bfd76478a5c0e95b23-le64.cache-9
78479409d000-7847940a3000 r--s 00000000 08:30 46416                      /var/cache/fontconfig/d589a48862398ed80a3d6066f4f56f4c-le64.cache-9
7847940a3000-7847940a8000 r-xp 00000000 08:30 118471                     /home/ann/.openjfx/cache/21+31/amd64/libjavafx_font_freetype.so
7847940a8000-7847940a9000 r--p 00004000 08:30 118471                     /home/ann/.openjfx/cache/21+31/amd64/libjavafx_font_freetype.so
7847940a9000-7847940aa000 rw-p 00005000 08:30 118471                     /home/ann/.openjfx/cache/21+31/amd64/libjavafx_font_freetype.so
7847940aa000-7847940ae000 r--p 00000000 08:30 12433                      /usr/lib/x86_64-linux-gnu/gio/modules/libdconfsettings.so
7847940ae000-7847940b5000 r-xp 00004000 08:30 12433                      /usr/lib/x86_64-linux-gnu/gio/modules/libdconfsettings.so
7847940b5000-7847940b7000 r--p 0000b000 08:30 12433                      /usr/lib/x86_64-linux-gnu/gio/modules/libdconfsettings.so
7847940b7000-7847940b8000 r--p 0000d000 08:30 12433                      /usr/lib/x86_64-linux-gnu/gio/modules/libdconfsettings.so
7847940b8000-7847940b9000 rw-p 0000e000 08:30 12433                      /usr/lib/x86_64-linux-gnu/gio/modules/libdconfsettings.so
7847940b9000-7847940c3000 r--p 00000000 08:30 1648                       /usr/share/glib-2.0/schemas/gschemas.compiled
7847940c3000-7847940c5000 r--p 00000000 08:30 12639                      /usr/lib/x86_64-linux-gnu/libXtst.so.6.1.0
7847940c5000-7847940c8000 r-xp 00002000 08:30 12639                      /usr/lib/x86_64-linux-gnu/libXtst.so.6.1.0
7847940c8000-7847940c9000 r--p 00005000 08:30 12639                      /usr/lib/x86_64-linux-gnu/libXtst.so.6.1.0
7847940c9000-7847940ca000 r--p 00005000 08:30 12639                      /usr/lib/x86_64-linux-gnu/libXtst.so.6.1.0
7847940ca000-7847940cb000 rw-p 00006000 08:30 12639                      /usr/lib/x86_64-linux-gnu/libXtst.so.6.1.0
7847940cb000-78479410b000 r-xp 00000000 08:30 118465                     /home/ann/.openjfx/cache/21+31/amd64/libglassgtk3.so
78479410b000-78479410c000 ---p 00040000 08:30 118465                     /home/ann/.openjfx/cache/21+31/amd64/libglassgtk3.so
78479410c000-78479410e000 r--p 00040000 08:30 118465                     /home/ann/.openjfx/cache/21+31/amd64/libglassgtk3.so
78479410e000-784794110000 rw-p 00042000 08:30 118465                     /home/ann/.openjfx/cache/21+31/amd64/libglassgtk3.so
784794110000-784794114000 r--p 00000000 08:30 12817                      /usr/lib/x86_64-linux-gnu/libgpg-error.so.0.34.0
784794114000-78479412a000 r-xp 00004000 08:30 12817                      /usr/lib/x86_64-linux-gnu/libgpg-error.so.0.34.0
78479412a000-784794133000 r--p 0001a000 08:30 12817                      /usr/lib/x86_64-linux-gnu/libgpg-error.so.0.34.0
784794133000-784794134000 r--p 00023000 08:30 12817                      /usr/lib/x86_64-linux-gnu/libgpg-error.so.0.34.0
784794134000-784794135000 rw-p 00024000 08:30 12817                      /usr/lib/x86_64-linux-gnu/libgpg-error.so.0.34.0
784794135000-784794138000 r--p 00000000 08:30 12888                      /usr/lib/x86_64-linux-gnu/liblz4.so.1.9.4
784794138000-784794153000 r-xp 00003000 08:30 12888                      /usr/lib/x86_64-linux-gnu/liblz4.so.1.9.4
784794153000-784794155000 r--p 0001e000 08:30 12888                      /usr/lib/x86_64-linux-gnu/liblz4.so.1.9.4
784794155000-784794156000 r--p 00020000 08:30 12888                      /usr/lib/x86_64-linux-gnu/liblz4.so.1.9.4
784794156000-784794157000 rw-p 00021000 08:30 12888                      /usr/lib/x86_64-linux-gnu/liblz4.so.1.9.4
784794157000-784794166000 r--p 00000000 08:30 12791                      /usr/lib/x86_64-linux-gnu/libgcrypt.so.20.4.3
784794166000-78479425a000 r-xp 0000f000 08:30 12791                      /usr/lib/x86_64-linux-gnu/libgcrypt.so.20.4.3
78479425a000-784794295000 r--p 00103000 08:30 12791                      /usr/lib/x86_64-linux-gnu/libgcrypt.so.20.4.3
784794295000-78479429a000 r--p 0013e000 08:30 12791                      /usr/lib/x86_64-linux-gnu/libgcrypt.so.20.4.3
78479429a000-78479429e000 rw-p 00143000 08:30 12791                      /usr/lib/x86_64-linux-gnu/libgcrypt.so.20.4.3
78479429e000-78479429f000 rw-p 00000000 00:00 0 
78479429f000-7847942a2000 r--p 00000000 08:30 12915                      /usr/lib/x86_64-linux-gnu/libcap.so.2.66
7847942a2000-7847942a8000 r-xp 00003000 08:30 12915                      /usr/lib/x86_64-linux-gnu/libcap.so.2.66
7847942a8000-7847942aa000 r--p 00009000 08:30 12915                      /usr/lib/x86_64-linux-gnu/libcap.so.2.66
7847942aa000-7847942ab000 r--p 0000b000 08:30 12915                      /usr/lib/x86_64-linux-gnu/libcap.so.2.66
7847942ab000-7847942ac000 rw-p 0000c000 08:30 12915                      /usr/lib/x86_64-linux-gnu/libcap.so.2.66
7847942ac000-7847942ad000 r--p 00000000 08:30 12678                      /usr/lib/x86_64-linux-gnu/libbrotlicommon.so.1.1.0
7847942ad000-7847942ae000 r-xp 00001000 08:30 12678                      /usr/lib/x86_64-linux-gnu/libbrotlicommon.so.1.1.0
7847942ae000-7847942cd000 r--p 00002000 08:30 12678                      /usr/lib/x86_64-linux-gnu/libbrotlicommon.so.1.1.0
7847942cd000-7847942ce000 r--p 00021000 08:30 12678                      /usr/lib/x86_64-linux-gnu/libbrotlicommon.so.1.1.0
7847942ce000-7847942cf000 rw-p 00022000 08:30 12678                      /usr/lib/x86_64-linux-gnu/libbrotlicommon.so.1.1.0
7847942cf000-7847942e5000 r--p 00000000 08:30 42650                      /usr/lib/x86_64-linux-gnu/libsystemd.so.0.38.0
7847942e5000-784794374000 r-xp 00016000 08:30 42650                      /usr/lib/x86_64-linux-gnu/libsystemd.so.0.38.0
784794374000-7847943a2000 r--p 000a5000 08:30 42650                      /usr/lib/x86_64-linux-gnu/libsystemd.so.0.38.0
7847943a2000-7847943ad000 r--p 000d2000 08:30 42650                      /usr/lib/x86_64-linux-gnu/libsystemd.so.0.38.0
7847943ad000-7847943ae000 rw-p 000dd000 08:30 42650                      /usr/lib/x86_64-linux-gnu/libsystemd.so.0.38.0
7847943ae000-7847943af000 rw-p 00000000 00:00 0 
7847943af000-7847943b0000 r--p 00000000 08:30 12680                      /usr/lib/x86_64-linux-gnu/libbrotlidec.so.1.1.0
7847943b0000-7847943b8000 r-xp 00001000 08:30 12680                      /usr/lib/x86_64-linux-gnu/libbrotlidec.so.1.1.0
7847943b8000-7847943bb000 r--p 00009000 08:30 12680                      /usr/lib/x86_64-linux-gnu/libbrotlidec.so.1.1.0
7847943bb000-7847943bc000 r--p 0000b000 08:30 12680                      /usr/lib/x86_64-linux-gnu/libbrotlidec.so.1.1.0
7847943bc000-7847943bd000 rw-p 0000c000 08:30 12680                      /usr/lib/x86_64-linux-gnu/libbrotlidec.so.1.1.0
7847943bd000-7847943c4000 r--p 00000000 08:30 14616                      /usr/lib/x86_64-linux-gnu/libblkid.so.1.1.0
7847943c4000-7847943e8000 r-xp 00007000 08:30 14616                      /usr/lib/x86_64-linux-gnu/libblkid.so.1.1.0
7847943e8000-7847943f1000 r--p 0002b000 08:30 14616                      /usr/lib/x86_64-linux-gnu/libblkid.so.1.1.0
7847943f1000-7847943f7000 r--p 00033000 08:30 14616                      /usr/lib/x86_64-linux-gnu/libblkid.so.1.1.0
7847943f7000-7847943f8000 rw-p 00039000 08:30 14616                      /usr/lib/x86_64-linux-gnu/libblkid.so.1.1.0
7847943f8000-784794404000 r--p 00000000 08:30 12725                      /usr/lib/x86_64-linux-gnu/libdbus-1.so.3.32.4
784794404000-784794434000 r-xp 0000c000 08:30 12725                      /usr/lib/x86_64-linux-gnu/libdbus-1.so.3.32.4
784794434000-784794445000 r--p 0003c000 08:30 12725                      /usr/lib/x86_64-linux-gnu/libdbus-1.so.3.32.4
784794445000-784794446000 r--p 0004c000 08:30 12725                      /usr/lib/x86_64-linux-gnu/libdbus-1.so.3.32.4
784794446000-784794447000 rw-p 0004d000 08:30 12725                      /usr/lib/x86_64-linux-gnu/libdbus-1.so.3.32.4
784794447000-784794457000 r--p 00000000 08:30 12663                      /usr/lib/x86_64-linux-gnu/libatspi.so.0.0.1
784794457000-784794470000 r-xp 00010000 08:30 12663                      /usr/lib/x86_64-linux-gnu/libatspi.so.0.0.1
784794470000-78479447d000 r--p 00029000 08:30 12663                      /usr/lib/x86_64-linux-gnu/libatspi.so.0.0.1
78479447d000-784794480000 r--p 00036000 08:30 12663                      /usr/lib/x86_64-linux-gnu/libatspi.so.0.0.1
784794480000-784794481000 rw-p 00039000 08:30 12663                      /usr/lib/x86_64-linux-gnu/libatspi.so.0.0.1
784794481000-784794485000 r--p 00000000 08:30 12866                      /usr/lib/x86_64-linux-gnu/libjpeg.so.8.2.2
784794485000-7847944d2000 r-xp 00004000 08:30 12866                      /usr/lib/x86_64-linux-gnu/libjpeg.so.8.2.2
7847944d2000-784794502000 r--p 00051000 08:30 12866                      /usr/lib/x86_64-linux-gnu/libjpeg.so.8.2.2
784794502000-784794503000 r--p 00081000 08:30 12866                      /usr/lib/x86_64-linux-gnu/libjpeg.so.8.2.2
784794503000-784794504000 rw-p 00082000 08:30 12866                      /usr/lib/x86_64-linux-gnu/libjpeg.so.8.2.2
784794504000-78479450e000 r--p 00000000 08:30 12954                      /usr/lib/x86_64-linux-gnu/libpixman-1.so.0.42.2
78479450e000-78479459b000 r-xp 0000a000 08:30 12954                      /usr/lib/x86_64-linux-gnu/libpixman-1.so.0.42.2
78479459b000-7847945aa000 r--p 00097000 08:30 12954                      /usr/lib/x86_64-linux-gnu/libpixman-1.so.0.42.2
7847945aa000-7847945b2000 r--p 000a5000 08:30 12954                      /usr/lib/x86_64-linux-gnu/libpixman-1.so.0.42.2
7847945b2000-7847945b3000 rw-p 000ad000 08:30 12954                      /usr/lib/x86_64-linux-gnu/libpixman-1.so.0.42.2
7847945b3000-7847945b8000 r--p 00000000 08:30 12671                      /usr/lib/x86_64-linux-gnu/libpng16.so.16.43.0
7847945b8000-7847945e0000 r-xp 00005000 08:30 12671                      /usr/lib/x86_64-linux-gnu/libpng16.so.16.43.0
7847945e0000-7847945e9000 r--p 0002d000 08:30 12671                      /usr/lib/x86_64-linux-gnu/libpng16.so.16.43.0
7847945e9000-7847945ea000 r--p 00035000 08:30 12671                      /usr/lib/x86_64-linux-gnu/libpng16.so.16.43.0
7847945ea000-7847945eb000 rw-p 00036000 08:30 12671                      /usr/lib/x86_64-linux-gnu/libpng16.so.16.43.0
7847945eb000-7847945ee000 r--p 00000000 08:30 12823                      /usr/lib/x86_64-linux-gnu/libgraphite2.so.3.2.1
7847945ee000-78479460b000 r-xp 00003000 08:30 12823                      /usr/lib/x86_64-linux-gnu/libgraphite2.so.3.2.1
78479460b000-78479460e000 r--p 00020000 08:30 12823                      /usr/lib/x86_64-linux-gnu/libgraphite2.so.3.2.1
78479460e000-784794610000 r--p 00022000 08:30 12823                      /usr/lib/x86_64-linux-gnu/libgraphite2.so.3.2.1
784794610000-784794611000 rw-p 00024000 08:30 12823                      /usr/lib/x86_64-linux-gnu/libgraphite2.so.3.2.1
784794611000-78479461e000 r--p 00000000 08:30 14564                      /usr/lib/x86_64-linux-gnu/libfreetype.so.6.20.1
78479461e000-7847946af000 r-xp 0000d000 08:30 14564                      /usr/lib/x86_64-linux-gnu/libfreetype.so.6.20.1
7847946af000-7847946d5000 r--p 0009e000 08:30 14564                      /usr/lib/x86_64-linux-gnu/libfreetype.so.6.20.1
7847946d5000-7847946dc000 r--p 000c4000 08:30 14564                      /usr/lib/x86_64-linux-gnu/libfreetype.so.6.20.1
7847946dc000-7847946dd000 rw-p 000cb000 08:30 14564                      /usr/lib/x86_64-linux-gnu/libfreetype.so.6.20.1
7847946dd000-78479473d000 r--p 00000000 08:30 12758                      /usr/lib/x86_64-linux-gnu/libepoxy.so.0.0.0
78479473d000-7847947a3000 r-xp 00060000 08:30 12758                      /usr/lib/x86_64-linux-gnu/libepoxy.so.0.0.0
7847947a3000-7847947f1000 r--p 000c6000 08:30 12758                      /usr/lib/x86_64-linux-gnu/libepoxy.so.0.0.0
7847947f1000-7847947f9000 r--p 00113000 08:30 12758                      /usr/lib/x86_64-linux-gnu/libepoxy.so.0.0.0
7847947f9000-784794800000 rw-p 0011b000 08:30 12758                      /usr/lib/x86_64-linux-gnu/libepoxy.so.0.0.0
784794800000-7847948b3000 r--p 00000000 08:30 43944                      /usr/lib/x86_64-linux-gnu/libcrypto.so.3
7847948b3000-784794be7000 r-xp 000b3000 08:30 43944                      /usr/lib/x86_64-linux-gnu/libcrypto.so.3
784794be7000-784794cb2000 r--p 003e7000 08:30 43944                      /usr/lib/x86_64-linux-gnu/libcrypto.so.3
784794cb2000-784794d0e000 r--p 004b1000 08:30 43944                      /usr/lib/x86_64-linux-gnu/libcrypto.so.3
784794d0e000-784794d11000 rw-p 0050d000 08:30 43944                      /usr/lib/x86_64-linux-gnu/libcrypto.so.3
784794d11000-784794d14000 rw-p 00000000 00:00 0 
784794d16000-784794d18000 r--p 00000000 08:30 12687                      /usr/lib/x86_64-linux-gnu/libbz2.so.1.0.4
784794d18000-784794d26000 r-xp 00002000 08:30 12687                      /usr/lib/x86_64-linux-gnu/libbz2.so.1.0.4
784794d26000-784794d28000 r--p 00010000 08:30 12687                      /usr/lib/x86_64-linux-gnu/libbz2.so.1.0.4
784794d28000-784794d29000 r--p 00011000 08:30 12687                      /usr/lib/x86_64-linux-gnu/libbz2.so.1.0.4
784794d29000-784794d2a000 rw-p 00012000 08:30 12687                      /usr/lib/x86_64-linux-gnu/libbz2.so.1.0.4
784794d2a000-784794d2f000 r--p 00000000 08:30 13073                      /usr/lib/x86_64-linux-gnu/libxcb-render.so.0.0.0
784794d2f000-784794d34000 r-xp 00005000 08:30 13073                      /usr/lib/x86_64-linux-gnu/libxcb-render.so.0.0.0
784794d34000-784794d37000 r--p 0000a000 08:30 13073                      /usr/lib/x86_64-linux-gnu/libxcb-render.so.0.0.0
784794d37000-784794d38000 r--p 0000c000 08:30 13073                      /usr/lib/x86_64-linux-gnu/libxcb-render.so.0.0.0
784794d38000-784794d39000 rw-p 0000d000 08:30 13073                      /usr/lib/x86_64-linux-gnu/libxcb-render.so.0.0.0
784794d39000-784794d3f000 r--p 00000000 08:30 12983                      /usr/lib/x86_64-linux-gnu/libselinux.so.1
784794d3f000-784794d5c000 r-xp 00006000 08:30 12983                      /usr/lib/x86_64-linux-gnu/libselinux.so.1
784794d5c000-784794d62000 r--p 00023000 08:30 12983                      /usr/lib/x86_64-linux-gnu/libselinux.so.1
784794d62000-784794d63000 r--p 00029000 08:30 12983                      /usr/lib/x86_64-linux-gnu/libselinux.so.1
784794d63000-784794d64000 rw-p 0002a000 08:30 12983                      /usr/lib/x86_64-linux-gnu/libselinux.so.1
784794d64000-784794d66000 rw-p 00000000 00:00 0 
784794d66000-784794d68000 r--p 00000000 08:30 12948                      /usr/lib/x86_64-linux-gnu/libpcre2-8.so.0.11.2
784794d68000-784794dd6000 r-xp 00002000 08:30 12948                      /usr/lib/x86_64-linux-gnu/libpcre2-8.so.0.11.2
784794dd6000-784794dfe000 r--p 00070000 08:30 12948                      /usr/lib/x86_64-linux-gnu/libpcre2-8.so.0.11.2
784794dfe000-784794dff000 r--p 00097000 08:30 12948                      /usr/lib/x86_64-linux-gnu/libpcre2-8.so.0.11.2
784794dff000-784794e00000 rw-p 00098000 08:30 12948                      /usr/lib/x86_64-linux-gnu/libpcre2-8.so.0.11.2
784794e00000-784794e97000 r--p 00000000 08:30 12133                      /usr/lib/x86_64-linux-gnu/dri/swrast_dri.so
784794e97000-7847962ad000 r-xp 00097000 08:30 12133                      /usr/lib/x86_64-linux-gnu/dri/swrast_dri.so
7847962ad000-784796d58000 r--p 014ad000 08:30 12133                      /usr/lib/x86_64-linux-gnu/dri/swrast_dri.so
784796d58000-784796df0000 r--p 01f57000 08:30 12133                      /usr/lib/x86_64-linux-gnu/dri/swrast_dri.so
784796df0000-784796e2c000 rw-p 01fef000 08:30 12133                      /usr/lib/x86_64-linux-gnu/dri/swrast_dri.so
784796e2c000-784796ff1000 rw-p 00000000 00:00 0 
784796ff4000-784796ff6000 r--p 00000000 08:30 12637                      /usr/lib/x86_64-linux-gnu/libXrender.so.1.3.0
784796ff6000-784796ffd000 r-xp 00002000 08:30 12637                      /usr/lib/x86_64-linux-gnu/libXrender.so.1.3.0
784796ffd000-784796ffe000 r--p 00009000 08:30 12637                      /usr/lib/x86_64-linux-gnu/libXrender.so.1.3.0
784796ffe000-784796fff000 r--p 00009000 08:30 12637                      /usr/lib/x86_64-linux-gnu/libXrender.so.1.3.0
784796fff000-784797000000 rw-p 0000a000 08:30 12637                      /usr/lib/x86_64-linux-gnu/libXrender.so.1.3.0
784797000000-7847973f0000 rw-p 00000000 00:00 0 
7847973f0000-784797cf0000 rw-p 00000000 00:00 0 
784797cf0000-784797ef0000 rw-p 00000000 00:00 0 
784797ef0000-784798070000 rw-p 00000000 00:00 0 
784798070000-7847980f0000 rw-p 00000000 00:00 0 
7847980f0000-784798270000 rw-p 00000000 00:00 0 
784798270000-7847982f0000 rw-p 00000000 00:00 0 
7847982f0000-7847984f0000 rw-p 00000000 00:00 0 
7847984f0000-7847985f0000 rw-p 00000000 00:00 0 
7847985f0000-784798ef0000 rw-p 00000000 00:00 0 
784798ef0000-784798ff0000 rw-p 00000000 00:00 0 
784798ff0000-7847996f0000 rw-p 00000000 00:00 0 
7847996f0000-784799780000 rw-p 00000000 00:00 0 
784799780000-784799800000 ---p 00000000 00:00 0 
784799800000-784799a90000 rw-p 00000000 00:00 0 
784799a90000-78479b000000 ---p 00000000 00:00 0 
78479b000000-78479bc9c000 rw-p 00001000 08:30 107391                     /usr/lib/jvm/java-21-openjdk-amd64/lib/server/classes.jsa
78479bc9c000-78479c000000 ---p 00000000 00:00 0 
78479c000000-78479c030000 rw-p 00000000 00:00 0 
78479c030000-78479c070000 rw-p 00000000 00:00 0 
78479c070000-78479c1b0000 rw-p 00000000 00:00 0 
78479c1b0000-78479c1f0000 rw-p 00000000 00:00 0 
78479c1f0000-78479c230000 rw-p 00000000 00:00 0 
78479c230000-78479c2b0000 rw-p 00000000 00:00 0 
78479c2b0000-78479c5d0000 rw-p 00000000 00:00 0 
78479c5d0000-78479c600000 ---p 00000000 00:00 0 
78479c600000-78479c620000 rw-p 00000000 00:00 0 
78479c620000-7847dc000000 ---p 00000000 00:00 0 
7847dc000000-7847dc021000 rw-p 00000000 00:00 0 
7847dc021000-7847e0000000 ---p 00000000 00:00 0 
7847e0000000-7847e0021000 rw-p 00000000 00:00 0 
7847e0021000-7847e4000000 ---p 00000000 00:00 0 
7847e4000000-7847e4021000 rw-p 00000000 00:00 0 
7847e4021000-7847e8000000 ---p 00000000 00:00 0 
7847e8001000-7847e8003000 r--p 00000000 08:30 12722                      /usr/lib/x86_64-linux-gnu/libdatrie.so.1.4.0
7847e8003000-7847e8007000 r-xp 00002000 08:30 12722                      /usr/lib/x86_64-linux-gnu/libdatrie.so.1.4.0
7847e8007000-7847e8008000 r--p 00006000 08:30 12722                      /usr/lib/x86_64-linux-gnu/libdatrie.so.1.4.0
7847e8008000-7847e8009000 r--p 00006000 08:30 12722                      /usr/lib/x86_64-linux-gnu/libdatrie.so.1.4.0
7847e8009000-7847e800a000 rw-p 00007000 08:30 12722                      /usr/lib/x86_64-linux-gnu/libdatrie.so.1.4.0
7847e800a000-7847e8013000 r--p 00000000 08:30 14608                      /usr/lib/x86_64-linux-gnu/libmount.so.1.1.0
7847e8013000-7847e8047000 r-xp 00009000 08:30 14608                      /usr/lib/x86_64-linux-gnu/libmount.so.1.1.0
7847e8047000-7847e8054000 r--p 0003d000 08:30 14608                      /usr/lib/x86_64-linux-gnu/libmount.so.1.1.0
7847e8054000-7847e8056000 r--p 00049000 08:30 14608                      /usr/lib/x86_64-linux-gnu/libmount.so.1.1.0
7847e8056000-7847e8057000 rw-p 0004b000 08:30 14608                      /usr/lib/x86_64-linux-gnu/libmount.so.1.1.0
7847e8057000-7847e805c000 r--p 00000000 08:30 13083                      /usr/lib/x86_64-linux-gnu/libxkbcommon.so.0.0.0
7847e805c000-7847e807c000 r-xp 00005000 08:30 13083                      /usr/lib/x86_64-linux-gnu/libxkbcommon.so.0.0.0
7847e807c000-7847e809d000 r--p 00025000 08:30 13083                      /usr/lib/x86_64-linux-gnu/libxkbcommon.so.0.0.0
7847e809d000-7847e809f000 r--p 00045000 08:30 13083                      /usr/lib/x86_64-linux-gnu/libxkbcommon.so.0.0.0
7847e809f000-7847e80a0000 rw-p 00047000 08:30 13083                      /usr/lib/x86_64-linux-gnu/libxkbcommon.so.0.0.0
7847e80a0000-7847e80b4000 r--p 00000000 08:30 12693                      /usr/lib/x86_64-linux-gnu/libcairo.so.2.11800.0
7847e80b4000-7847e81a5000 r-xp 00014000 08:30 12693                      /usr/lib/x86_64-linux-gnu/libcairo.so.2.11800.0
7847e81a5000-7847e81dd000 r--p 00105000 08:30 12693                      /usr/lib/x86_64-linux-gnu/libcairo.so.2.11800.0
7847e81dd000-7847e81e1000 r--p 0013d000 08:30 12693                      /usr/lib/x86_64-linux-gnu/libcairo.so.2.11800.0
7847e81e1000-7847e81e3000 rw-p 00141000 08:30 12693                      /usr/lib/x86_64-linux-gnu/libcairo.so.2.11800.0
7847e81e3000-7847e81e4000 rw-p 00000000 00:00 0 
7847e81e4000-7847e81ef000 r--p 00000000 08:30 12843                      /usr/lib/x86_64-linux-gnu/libharfbuzz.so.0.60830.0
7847e81ef000-7847e82bd000 r-xp 0000b000 08:30 12843                      /usr/lib/x86_64-linux-gnu/libharfbuzz.so.0.60830.0
7847e82bd000-7847e82ef000 r--p 000d9000 08:30 12843                      /usr/lib/x86_64-linux-gnu/libharfbuzz.so.0.60830.0
7847e82ef000-7847e82f0000 r--p 0010b000 08:30 12843                      /usr/lib/x86_64-linux-gnu/libharfbuzz.so.0.60830.0
7847e82f0000-7847e82f1000 rw-p 0010c000 08:30 12843                      /usr/lib/x86_64-linux-gnu/libharfbuzz.so.0.60830.0
7847e82f1000-7847e830f000 r--p 00000000 08:30 43945                      /usr/lib/x86_64-linux-gnu/libssl.so.3
7847e830f000-7847e8371000 r-xp 0001e000 08:30 43945                      /usr/lib/x86_64-linux-gnu/libssl.so.3
7847e8371000-7847e838d000 r--p 00080000 08:30 43945                      /usr/lib/x86_64-linux-gnu/libssl.so.3
7847e838d000-7847e8397000 r--p 0009c000 08:30 43945                      /usr/lib/x86_64-linux-gnu/libssl.so.3
7847e8397000-7847e839b000 rw-p 000a6000 08:30 43945                      /usr/lib/x86_64-linux-gnu/libssl.so.3
7847e839e000-7847e839f000 r--p 00000000 08:30 21072                      /usr/lib/x86_64-linux-gnu/libgthread-2.0.so.0.8000.0
7847e839f000-7847e83a0000 r-xp 00001000 08:30 21072                      /usr/lib/x86_64-linux-gnu/libgthread-2.0.so.0.8000.0
7847e83a0000-7847e83a1000 r--p 00002000 08:30 21072                      /usr/lib/x86_64-linux-gnu/libgthread-2.0.so.0.8000.0
7847e83a1000-7847e83a2000 r--p 00002000 08:30 21072                      /usr/lib/x86_64-linux-gnu/libgthread-2.0.so.0.8000.0
7847e83a2000-7847e83a3000 rw-p 00003000 08:30 21072                      /usr/lib/x86_64-linux-gnu/libgthread-2.0.so.0.8000.0
7847e83a3000-7847e83a5000 r--p 00000000 08:30 13016                      /usr/lib/x86_64-linux-gnu/libthai.so.0.3.1
7847e83a5000-7847e83a9000 r-xp 00002000 08:30 13016                      /usr/lib/x86_64-linux-gnu/libthai.so.0.3.1
7847e83a9000-7847e83ac000 r--p 00006000 08:30 13016                      /usr/lib/x86_64-linux-gnu/libthai.so.0.3.1
7847e83ac000-7847e83ad000 r--p 00008000 08:30 13016                      /usr/lib/x86_64-linux-gnu/libthai.so.0.3.1
7847e83ad000-7847e83ae000 rw-p 00009000 08:30 13016                      /usr/lib/x86_64-linux-gnu/libthai.so.0.3.1
7847e83ae000-7847e83af000 r--p 00000000 08:30 12631                      /usr/lib/x86_64-linux-gnu/libXinerama.so.1.0.0
7847e83af000-7847e83b0000 r-xp 00001000 08:30 12631                      /usr/lib/x86_64-linux-gnu/libXinerama.so.1.0.0
7847e83b0000-7847e83b1000 r--p 00002000 08:30 12631                      /usr/lib/x86_64-linux-gnu/libXinerama.so.1.0.0
7847e83b1000-7847e83b2000 r--p 00002000 08:30 12631                      /usr/lib/x86_64-linux-gnu/libXinerama.so.1.0.0
7847e83b2000-7847e83b3000 rw-p 00003000 08:30 12631                      /usr/lib/x86_64-linux-gnu/libXinerama.so.1.0.0
7847e83b3000-7847e83b5000 r--p 00000000 08:30 12635                      /usr/lib/x86_64-linux-gnu/libXrandr.so.2.2.0
7847e83b5000-7847e83bc000 r-xp 00002000 08:30 12635                      /usr/lib/x86_64-linux-gnu/libXrandr.so.2.2.0
7847e83bc000-7847e83be000 r--p 00009000 08:30 12635                      /usr/lib/x86_64-linux-gnu/libXrandr.so.2.2.0
7847e83be000-7847e83bf000 r--p 0000a000 08:30 12635                      /usr/lib/x86_64-linux-gnu/libXrandr.so.2.2.0
7847e83bf000-7847e83c0000 rw-p 0000b000 08:30 12635                      /usr/lib/x86_64-linux-gnu/libXrandr.so.2.2.0
7847e83c0000-7847e83c1000 r--p 00000000 08:30 12617                      /usr/lib/x86_64-linux-gnu/libXcomposite.so.1.0.0
7847e83c1000-7847e83c2000 r-xp 00001000 08:30 12617                      /usr/lib/x86_64-linux-gnu/libXcomposite.so.1.0.0
7847e83c2000-7847e83c3000 r--p 00002000 08:30 12617                      /usr/lib/x86_64-linux-gnu/libXcomposite.so.1.0.0
7847e83c3000-7847e83c4000 r--p 00002000 08:30 12617                      /usr/lib/x86_64-linux-gnu/libXcomposite.so.1.0.0
7847e83c4000-7847e83c5000 rw-p 00003000 08:30 12617                      /usr/lib/x86_64-linux-gnu/libXcomposite.so.1.0.0
7847e83c5000-7847e83c7000 r--p 00000000 08:30 12619                      /usr/lib/x86_64-linux-gnu/libXcursor.so.1.0.2
7847e83c7000-7847e83cd000 r-xp 00002000 08:30 12619                      /usr/lib/x86_64-linux-gnu/libXcursor.so.1.0.2
7847e83cd000-7847e83cf000 r--p 00008000 08:30 12619                      /usr/lib/x86_64-linux-gnu/libXcursor.so.1.0.2
7847e83cf000-7847e83d0000 r--p 00009000 08:30 12619                      /usr/lib/x86_64-linux-gnu/libXcursor.so.1.0.2
7847e83d0000-7847e83d1000 rw-p 0000a000 08:30 12619                      /usr/lib/x86_64-linux-gnu/libXcursor.so.1.0.2
7847e83d1000-7847e83d6000 r--p 00000000 08:30 13053                      /usr/lib/x86_64-linux-gnu/libwayland-client.so.0.22.0
7847e83d6000-7847e83dc000 r-xp 00005000 08:30 13053                      /usr/lib/x86_64-linux-gnu/libwayland-client.so.0.22.0
7847e83dc000-7847e83de000 r--p 0000b000 08:30 13053                      /usr/lib/x86_64-linux-gnu/libwayland-client.so.0.22.0
7847e83de000-7847e83e0000 r--p 0000d000 08:30 13053                      /usr/lib/x86_64-linux-gnu/libwayland-client.so.0.22.0
7847e83e0000-7847e83e1000 rw-p 0000f000 08:30 13053                      /usr/lib/x86_64-linux-gnu/libwayland-client.so.0.22.0
7847e83e1000-7847e83ed000 r--p 00000000 08:30 12659                      /usr/lib/x86_64-linux-gnu/libatk-bridge-2.0.so.0.0.0
7847e83ed000-7847e8407000 r-xp 0000c000 08:30 12659                      /usr/lib/x86_64-linux-gnu/libatk-bridge-2.0.so.0.0.0
7847e8407000-7847e841a000 r--p 00026000 08:30 12659                      /usr/lib/x86_64-linux-gnu/libatk-bridge-2.0.so.0.0.0
7847e841a000-7847e841b000 r--p 00039000 08:30 12659                      /usr/lib/x86_64-linux-gnu/libatk-bridge-2.0.so.0.0.0
7847e841b000-7847e841d000 rw-p 0003a000 08:30 12659                      /usr/lib/x86_64-linux-gnu/libatk-bridge-2.0.so.0.0.0
7847e841d000-7847e8420000 r--p 00000000 08:30 12629                      /usr/lib/x86_64-linux-gnu/libXi.so.6.1.0
7847e8420000-7847e842c000 r-xp 00003000 08:30 12629                      /usr/lib/x86_64-linux-gnu/libXi.so.6.1.0
7847e842c000-7847e842e000 r--p 0000f000 08:30 12629                      /usr/lib/x86_64-linux-gnu/libXi.so.6.1.0
7847e842e000-7847e842f000 r--p 00011000 08:30 12629                      /usr/lib/x86_64-linux-gnu/libXi.so.6.1.0
7847e842f000-7847e8430000 rw-p 00012000 08:30 12629                      /usr/lib/x86_64-linux-gnu/libXi.so.6.1.0
7847e8430000-7847e843b000 r--p 00000000 08:30 12657                      /usr/lib/x86_64-linux-gnu/libatk-1.0.so.0.25209.1
7847e843b000-7847e844b000 r-xp 0000b000 08:30 12657                      /usr/lib/x86_64-linux-gnu/libatk-1.0.so.0.25209.1
7847e844b000-7847e8456000 r--p 0001b000 08:30 12657                      /usr/lib/x86_64-linux-gnu/libatk-1.0.so.0.25209.1
7847e8456000-7847e8459000 r--p 00026000 08:30 12657                      /usr/lib/x86_64-linux-gnu/libatk-1.0.so.0.25209.1
7847e8459000-7847e845a000 rw-p 00029000 08:30 12657                      /usr/lib/x86_64-linux-gnu/libatk-1.0.so.0.25209.1
7847e845a000-7847e8462000 r--p 00000000 08:30 18982                      /usr/lib/x86_64-linux-gnu/libgdk_pixbuf-2.0.so.0.4200.10
7847e8462000-7847e847d000 r-xp 00008000 08:30 18982                      /usr/lib/x86_64-linux-gnu/libgdk_pixbuf-2.0.so.0.4200.10
7847e847d000-7847e8486000 r--p 00023000 08:30 18982                      /usr/lib/x86_64-linux-gnu/libgdk_pixbuf-2.0.so.0.4200.10
7847e8486000-7847e8487000 r--p 0002c000 08:30 18982                      /usr/lib/x86_64-linux-gnu/libgdk_pixbuf-2.0.so.0.4200.10
7847e8487000-7847e8488000 rw-p 0002d000 08:30 18982                      /usr/lib/x86_64-linux-gnu/libgdk_pixbuf-2.0.so.0.4200.10
7847e8488000-7847e849b000 r--p 00000000 08:30 12939                      /usr/lib/x86_64-linux-gnu/libpango-1.0.so.0.5200.1
7847e849b000-7847e84d4000 r-xp 00013000 08:30 12939                      /usr/lib/x86_64-linux-gnu/libpango-1.0.so.0.5200.1
7847e84d4000-7847e84ee000 r--p 0004c000 08:30 12939                      /usr/lib/x86_64-linux-gnu/libpango-1.0.so.0.5200.1
7847e84ee000-7847e84f2000 r--p 00065000 08:30 12939                      /usr/lib/x86_64-linux-gnu/libpango-1.0.so.0.5200.1
7847e84f2000-7847e84f3000 rw-p 00069000 08:30 12939                      /usr/lib/x86_64-linux-gnu/libpango-1.0.so.0.5200.1
7847e84f3000-7847e852c000 r--p 00000000 08:30 21068                      /usr/lib/x86_64-linux-gnu/libgio-2.0.so.0.8000.0
7847e852c000-7847e8643000 r-xp 00039000 08:30 21068                      /usr/lib/x86_64-linux-gnu/libgio-2.0.so.0.8000.0
7847e8643000-7847e86b8000 r--p 00150000 08:30 21068                      /usr/lib/x86_64-linux-gnu/libgio-2.0.so.0.8000.0
7847e86b8000-7847e86c0000 r--p 001c4000 08:30 21068                      /usr/lib/x86_64-linux-gnu/libgio-2.0.so.0.8000.0
7847e86c0000-7847e86c1000 rw-p 001cc000 08:30 21068                      /usr/lib/x86_64-linux-gnu/libgio-2.0.so.0.8000.0
7847e86c1000-7847e86c3000 rw-p 00000000 00:00 0 
7847e86c3000-7847e86e1000 r--p 00000000 08:30 21069                      /usr/lib/x86_64-linux-gnu/libglib-2.0.so.0.8000.0
7847e86e1000-7847e8781000 r-xp 0001e000 08:30 21069                      /usr/lib/x86_64-linux-gnu/libglib-2.0.so.0.8000.0
7847e8781000-7847e8809000 r--p 000be000 08:30 21069                      /usr/lib/x86_64-linux-gnu/libglib-2.0.so.0.8000.0
7847e8809000-7847e880a000 r--p 00146000 08:30 21069                      /usr/lib/x86_64-linux-gnu/libglib-2.0.so.0.8000.0
7847e880a000-7847e880b000 rw-p 00147000 08:30 21069                      /usr/lib/x86_64-linux-gnu/libglib-2.0.so.0.8000.0
7847e880b000-7847e880c000 rw-p 00000000 00:00 0 
7847e880c000-7847e8836000 r--p 00000000 08:30 12797                      /usr/lib/x86_64-linux-gnu/libgdk-3.so.0.2409.32
7847e8836000-7847e88ba000 r-xp 0002a000 08:30 12797                      /usr/lib/x86_64-linux-gnu/libgdk-3.so.0.2409.32
7847e88ba000-7847e88fc000 r--p 000ae000 08:30 12797                      /usr/lib/x86_64-linux-gnu/libgdk-3.so.0.2409.32
7847e88fc000-7847e8905000 r--p 000ef000 08:30 12797                      /usr/lib/x86_64-linux-gnu/libgdk-3.so.0.2409.32
7847e8905000-7847e8907000 rw-p 000f8000 08:30 12797                      /usr/lib/x86_64-linux-gnu/libgdk-3.so.0.2409.32
7847e8907000-7847e8a48000 rw-s 00000000 08:30 118462                     /home/ann/.cache/mesa_shader_cache/index
7847e8a48000-7847e8aab000 r--p 00000000 00:23 844424930739997            /usr/lib/wsl/lib/libdxcore.so
7847e8aab000-7847e8b28000 r-xp 00062000 00:23 844424930739997            /usr/lib/wsl/lib/libdxcore.so
7847e8b28000-7847e8b30000 r--p 000de000 00:23 844424930739997            /usr/lib/wsl/lib/libdxcore.so
7847e8b30000-7847e8b31000 rw-p 000e5000 00:23 844424930739997            /usr/lib/wsl/lib/libdxcore.so
7847e8b31000-7847e8b35000 rw-p 00000000 00:00 0 
7847e8b36000-7847e8b37000 r--p 00000000 08:30 12621                      /usr/lib/x86_64-linux-gnu/libXdamage.so.1.1.0
7847e8b37000-7847e8b38000 r-xp 00001000 08:30 12621                      /usr/lib/x86_64-linux-gnu/libXdamage.so.1.1.0
7847e8b38000-7847e8b39000 r--p 00002000 08:30 12621                      /usr/lib/x86_64-linux-gnu/libXdamage.so.1.1.0
7847e8b39000-7847e8b3a000 r--p 00002000 08:30 12621                      /usr/lib/x86_64-linux-gnu/libXdamage.so.1.1.0
7847e8b3a000-7847e8b3b000 rw-p 00003000 08:30 12621                      /usr/lib/x86_64-linux-gnu/libXdamage.so.1.1.0
7847e8b3b000-7847e8b3c000 r--p 00000000 08:30 13057                      /usr/lib/x86_64-linux-gnu/libwayland-egl.so.1.22.0
7847e8b3c000-7847e8b3d000 r-xp 00001000 08:30 13057                      /usr/lib/x86_64-linux-gnu/libwayland-egl.so.1.22.0
7847e8b3d000-7847e8b3e000 r--p 00002000 08:30 13057                      /usr/lib/x86_64-linux-gnu/libwayland-egl.so.1.22.0
7847e8b3e000-7847e8b3f000 r--p 00002000 08:30 13057                      /usr/lib/x86_64-linux-gnu/libwayland-egl.so.1.22.0
7847e8b3f000-7847e8b40000 rw-p 00003000 08:30 13057                      /usr/lib/x86_64-linux-gnu/libwayland-egl.so.1.22.0
7847e8b40000-7847e8b44000 r--p 00000000 08:30 12691                      /usr/lib/x86_64-linux-gnu/libcairo-gobject.so.2.11800.0
7847e8b44000-7847e8b46000 r-xp 00004000 08:30 12691                      /usr/lib/x86_64-linux-gnu/libcairo-gobject.so.2.11800.0
7847e8b46000-7847e8b49000 r--p 00006000 08:30 12691                      /usr/lib/x86_64-linux-gnu/libcairo-gobject.so.2.11800.0
7847e8b49000-7847e8b4b000 r--p 00008000 08:30 12691                      /usr/lib/x86_64-linux-gnu/libcairo-gobject.so.2.11800.0
7847e8b4b000-7847e8b4c000 rw-p 0000a000 08:30 12691                      /usr/lib/x86_64-linux-gnu/libcairo-gobject.so.2.11800.0
7847e8b4c000-7847e8b54000 r--p 00000000 08:30 12778                      /usr/lib/x86_64-linux-gnu/libfontconfig.so.1.12.1
7847e8b54000-7847e8b83000 r-xp 00008000 08:30 12778                      /usr/lib/x86_64-linux-gnu/libfontconfig.so.1.12.1
7847e8b83000-7847e8b9a000 r--p 00037000 08:30 12778                      /usr/lib/x86_64-linux-gnu/libfontconfig.so.1.12.1
7847e8b9a000-7847e8b9c000 r--p 0004d000 08:30 12778                      /usr/lib/x86_64-linux-gnu/libfontconfig.so.1.12.1
7847e8b9c000-7847e8b9d000 rw-p 0004f000 08:30 12778                      /usr/lib/x86_64-linux-gnu/libfontconfig.so.1.12.1
7847e8b9d000-7847e8bac000 r--p 00000000 08:30 21071                      /usr/lib/x86_64-linux-gnu/libgobject-2.0.so.0.8000.0
7847e8bac000-7847e8be3000 r-xp 0000f000 08:30 21071                      /usr/lib/x86_64-linux-gnu/libgobject-2.0.so.0.8000.0
7847e8be3000-7847e8bfc000 r--p 00046000 08:30 21071                      /usr/lib/x86_64-linux-gnu/libgobject-2.0.so.0.8000.0
7847e8bfc000-7847e8bff000 r--p 0005e000 08:30 21071                      /usr/lib/x86_64-linux-gnu/libgobject-2.0.so.0.8000.0
7847e8bff000-7847e8c00000 rw-p 00061000 08:30 21071                      /usr/lib/x86_64-linux-gnu/libgobject-2.0.so.0.8000.0
7847e8c00000-7847e8c68000 r--p 00000000 08:30 12859                      /usr/lib/x86_64-linux-gnu/libicuuc.so.74.2
7847e8c68000-7847e8d6d000 r-xp 00068000 08:30 12859                      /usr/lib/x86_64-linux-gnu/libicuuc.so.74.2
7847e8d6d000-7847e8df7000 r--p 0016d000 08:30 12859                      /usr/lib/x86_64-linux-gnu/libicuuc.so.74.2
7847e8df7000-7847e8e0a000 r--p 001f7000 08:30 12859                      /usr/lib/x86_64-linux-gnu/libicuuc.so.74.2
7847e8e0a000-7847e8e0b000 rw-p 0020a000 08:30 12859                      /usr/lib/x86_64-linux-gnu/libicuuc.so.74.2
7847e8e0b000-7847e8e0d000 rw-p 00000000 00:00 0 
7847e8e0d000-7847e8e0f000 r--p 00000000 08:30 13055                      /usr/lib/x86_64-linux-gnu/libwayland-cursor.so.0.22.0
7847e8e0f000-7847e8e11000 r-xp 00002000 08:30 13055                      /usr/lib/x86_64-linux-gnu/libwayland-cursor.so.0.22.0
7847e8e11000-7847e8e12000 r--p 00004000 08:30 13055                      /usr/lib/x86_64-linux-gnu/libwayland-cursor.so.0.22.0
7847e8e12000-7847e8e13000 r--p 00004000 08:30 13055                      /usr/lib/x86_64-linux-gnu/libwayland-cursor.so.0.22.0
7847e8e13000-7847e8e17000 rw-p 00005000 08:30 13055                      /usr/lib/x86_64-linux-gnu/libwayland-cursor.so.0.22.0
7847e8e17000-7847e8e19000 r--p 00000000 08:30 12784                      /usr/lib/x86_64-linux-gnu/libfribidi.so.0.4.0
7847e8e19000-7847e8e1d000 r-xp 00002000 08:30 12784                      /usr/lib/x86_64-linux-gnu/libfribidi.so.0.4.0
7847e8e1d000-7847e8e33000 r--p 00006000 08:30 12784                      /usr/lib/x86_64-linux-gnu/libfribidi.so.0.4.0
7847e8e33000-7847e8e34000 r--p 0001c000 08:30 12784                      /usr/lib/x86_64-linux-gnu/libfribidi.so.0.4.0
7847e8e34000-7847e8e35000 rw-p 0001d000 08:30 12784                      /usr/lib/x86_64-linux-gnu/libfribidi.so.0.4.0
7847e8e35000-7847e8e3d000 r--p 00000000 08:30 12943                      /usr/lib/x86_64-linux-gnu/libpangoft2-1.0.so.0.5200.1
7847e8e3d000-7847e8e4a000 r-xp 00008000 08:30 12943                      /usr/lib/x86_64-linux-gnu/libpangoft2-1.0.so.0.5200.1
7847e8e4a000-7847e8e4e000 r--p 00015000 08:30 12943                      /usr/lib/x86_64-linux-gnu/libpangoft2-1.0.so.0.5200.1
7847e8e4e000-7847e8e4f000 r--p 00019000 08:30 12943                      /usr/lib/x86_64-linux-gnu/libpangoft2-1.0.so.0.5200.1
7847e8e4f000-7847e8e50000 rw-p 0001a000 08:30 12943                      /usr/lib/x86_64-linux-gnu/libpangoft2-1.0.so.0.5200.1
7847e8e50000-7847e8e55000 r--p 00000000 08:30 12941                      /usr/lib/x86_64-linux-gnu/libpangocairo-1.0.so.0.5200.1
7847e8e55000-7847e8e5d000 r-xp 00005000 08:30 12941                      /usr/lib/x86_64-linux-gnu/libpangocairo-1.0.so.0.5200.1
7847e8e5d000-7847e8e5f000 r--p 0000d000 08:30 12941                      /usr/lib/x86_64-linux-gnu/libpangocairo-1.0.so.0.5200.1
7847e8e5f000-7847e8e60000 r--p 0000f000 08:30 12941                      /usr/lib/x86_64-linux-gnu/libpangocairo-1.0.so.0.5200.1
7847e8e60000-7847e8e61000 rw-p 00010000 08:30 12941                      /usr/lib/x86_64-linux-gnu/libpangocairo-1.0.so.0.5200.1
7847e8e61000-7847e8e63000 r--p 00000000 08:30 21070                      /usr/lib/x86_64-linux-gnu/libgmodule-2.0.so.0.8000.0
7847e8e63000-7847e8e65000 r-xp 00002000 08:30 21070                      /usr/lib/x86_64-linux-gnu/libgmodule-2.0.so.0.8000.0
7847e8e65000-7847e8e66000 r--p 00004000 08:30 21070                      /usr/lib/x86_64-linux-gnu/libgmodule-2.0.so.0.8000.0
7847e8e66000-7847e8e67000 r--p 00004000 08:30 21070                      /usr/lib/x86_64-linux-gnu/libgmodule-2.0.so.0.8000.0
7847e8e67000-7847e8e68000 rw-p 00005000 08:30 21070                      /usr/lib/x86_64-linux-gnu/libgmodule-2.0.so.0.8000.0
7847e8e69000-7847e8e6c000 r-xp 00000000 08:30 118470                     /home/ann/.openjfx/cache/21+31/amd64/libjavafx_font.so
7847e8e6c000-7847e8e6d000 r--p 00002000 08:30 118470                     /home/ann/.openjfx/cache/21+31/amd64/libjavafx_font.so
7847e8e6d000-7847e8e6e000 rw-p 00003000 08:30 118470                     /home/ann/.openjfx/cache/21+31/amd64/libjavafx_font.so
7847e8e6e000-7847e8e7d000 r-xp 00000000 08:30 118463                     /home/ann/.openjfx/cache/21+31/amd64/libprism_sw.so
7847e8e7d000-7847e8e7e000 r--p 0000e000 08:30 118463                     /home/ann/.openjfx/cache/21+31/amd64/libprism_sw.so
7847e8e7e000-7847e8e7f000 rw-p 0000f000 08:30 118463                     /home/ann/.openjfx/cache/21+31/amd64/libprism_sw.so
7847e8e7f000-7847e8e80000 r--p 00000000 08:30 52195                      /usr/lib/x86_64-linux-gnu/libdl.so.2
7847e8e80000-7847e8e81000 r-xp 00001000 08:30 52195                      /usr/lib/x86_64-linux-gnu/libdl.so.2
7847e8e81000-7847e8e82000 r--p 00002000 08:30 52195                      /usr/lib/x86_64-linux-gnu/libdl.so.2
7847e8e82000-7847e8e83000 r--p 00002000 08:30 52195                      /usr/lib/x86_64-linux-gnu/libdl.so.2
7847e8e83000-7847e8e84000 rw-p 00003000 08:30 52195                      /usr/lib/x86_64-linux-gnu/libdl.so.2
7847e8e84000-7847e8e85000 r--p 00000000 08:30 52205                      /usr/lib/x86_64-linux-gnu/libpthread.so.0
7847e8e85000-7847e8e86000 r-xp 00001000 08:30 52205                      /usr/lib/x86_64-linux-gnu/libpthread.so.0
7847e8e86000-7847e8e87000 r--p 00002000 08:30 52205                      /usr/lib/x86_64-linux-gnu/libpthread.so.0
7847e8e87000-7847e8e88000 r--p 00002000 08:30 52205                      /usr/lib/x86_64-linux-gnu/libpthread.so.0
7847e8e88000-7847e8e89000 rw-p 00003000 08:30 52205                      /usr/lib/x86_64-linux-gnu/libpthread.so.0
7847e8e89000-7847e8e8c000 r--p 00000000 08:30 10829                      /usr/lib/x86_64-linux-gnu/liblzma.so.5.4.5
7847e8e8c000-7847e8eae000 r-xp 00003000 08:30 10829                      /usr/lib/x86_64-linux-gnu/liblzma.so.5.4.5
7847e8eae000-7847e8eb9000 r--p 00025000 08:30 10829                      /usr/lib/x86_64-linux-gnu/liblzma.so.5.4.5
7847e8eb9000-7847e8eba000 r--p 00030000 08:30 10829                      /usr/lib/x86_64-linux-gnu/liblzma.so.5.4.5
7847e8eba000-7847e8ebb000 rw-p 00031000 08:30 10829                      /usr/lib/x86_64-linux-gnu/liblzma.so.5.4.5
7847e8ebb000-7847e8ebd000 r--p 00000000 08:30 12945                      /usr/lib/x86_64-linux-gnu/libpciaccess.so.0.11.1
7847e8ebd000-7847e8ec2000 r-xp 00002000 08:30 12945                      /usr/lib/x86_64-linux-gnu/libpciaccess.so.0.11.1
7847e8ec2000-7847e8ec4000 r--p 00007000 08:30 12945                      /usr/lib/x86_64-linux-gnu/libpciaccess.so.0.11.1
7847e8ec4000-7847e8ec5000 r--p 00008000 08:30 12945                      /usr/lib/x86_64-linux-gnu/libpciaccess.so.0.11.1
7847e8ec5000-7847e8ec6000 rw-p 00009000 08:30 12945                      /usr/lib/x86_64-linux-gnu/libpciaccess.so.0.11.1
7847e8ec6000-7847e8ef5000 r--p 00000000 08:30 19108                      /usr/lib/x86_64-linux-gnu/libxml2.so.2.9.14
7847e8ef5000-7847e905b000 r-xp 0002f000 08:30 19108                      /usr/lib/x86_64-linux-gnu/libxml2.so.2.9.14
7847e905b000-7847e909d000 r--p 00195000 08:30 19108                      /usr/lib/x86_64-linux-gnu/libxml2.so.2.9.14
7847e909d000-7847e90a6000 r--p 001d6000 08:30 19108                      /usr/lib/x86_64-linux-gnu/libxml2.so.2.9.14
7847e90a6000-7847e90a7000 rw-p 001df000 08:30 19108                      /usr/lib/x86_64-linux-gnu/libxml2.so.2.9.14
7847e90a7000-7847e90a8000 rw-p 00000000 00:00 0 
7847e90a8000-7847e90b6000 r--p 00000000 08:30 13023                      /usr/lib/x86_64-linux-gnu/libtinfo.so.6.4
7847e90b6000-7847e90c9000 r-xp 0000e000 08:30 13023                      /usr/lib/x86_64-linux-gnu/libtinfo.so.6.4
7847e90c9000-7847e90d7000 r--p 00021000 08:30 13023                      /usr/lib/x86_64-linux-gnu/libtinfo.so.6.4
7847e90d7000-7847e90db000 r--p 0002e000 08:30 13023                      /usr/lib/x86_64-linux-gnu/libtinfo.so.6.4
7847e90db000-7847e90dc000 rw-p 00032000 08:30 13023                      /usr/lib/x86_64-linux-gnu/libtinfo.so.6.4
7847e90dc000-7847e90e4000 r--p 00000000 08:30 12754                      /usr/lib/x86_64-linux-gnu/libedit.so.2.0.72
7847e90e4000-7847e9103000 r-xp 00008000 08:30 12754                      /usr/lib/x86_64-linux-gnu/libedit.so.2.0.72
7847e9103000-7847e910f000 r--p 00027000 08:30 12754                      /usr/lib/x86_64-linux-gnu/libedit.so.2.0.72
7847e910f000-7847e9111000 r--p 00033000 08:30 12754                      /usr/lib/x86_64-linux-gnu/libedit.so.2.0.72
7847e9111000-7847e9112000 rw-p 00035000 08:30 12754                      /usr/lib/x86_64-linux-gnu/libedit.so.2.0.72
7847e9112000-7847e9116000 rw-p 00000000 00:00 0 
7847e9116000-7847e9118000 r--p 00000000 08:30 12774                      /usr/lib/x86_64-linux-gnu/libffi.so.8.1.4
7847e9118000-7847e911f000 r-xp 00002000 08:30 12774                      /usr/lib/x86_64-linux-gnu/libffi.so.8.1.4
7847e911f000-7847e9120000 r--p 00009000 08:30 12774                      /usr/lib/x86_64-linux-gnu/libffi.so.8.1.4
7847e9120000-7847e9121000 r--p 0000a000 08:30 12774                      /usr/lib/x86_64-linux-gnu/libffi.so.8.1.4
7847e9121000-7847e9122000 rw-p 0000b000 08:30 12774                      /usr/lib/x86_64-linux-gnu/libffi.so.8.1.4
7847e9122000-7847e9125000 r--p 00000000 08:30 12738                      /usr/lib/x86_64-linux-gnu/libdrm_intel.so.1.0.0
7847e9125000-7847e913b000 r-xp 00003000 08:30 12738                      /usr/lib/x86_64-linux-gnu/libdrm_intel.so.1.0.0
7847e913b000-7847e9144000 r--p 00019000 08:30 12738                      /usr/lib/x86_64-linux-gnu/libdrm_intel.so.1.0.0
7847e9144000-7847e9145000 r--p 00021000 08:30 12738                      /usr/lib/x86_64-linux-gnu/libdrm_intel.so.1.0.0
7847e9145000-7847e9146000 rw-p 00022000 08:30 12738                      /usr/lib/x86_64-linux-gnu/libdrm_intel.so.1.0.0
7847e9146000-7847e9148000 r--p 00000000 08:30 12740                      /usr/lib/x86_64-linux-gnu/libdrm_nouveau.so.2.0.0
7847e9148000-7847e914d000 r-xp 00002000 08:30 12740                      /usr/lib/x86_64-linux-gnu/libdrm_nouveau.so.2.0.0
7847e914d000-7847e914e000 r--p 00007000 08:30 12740                      /usr/lib/x86_64-linux-gnu/libdrm_nouveau.so.2.0.0
7847e914e000-7847e914f000 r--p 00008000 08:30 12740                      /usr/lib/x86_64-linux-gnu/libdrm_nouveau.so.2.0.0
7847e914f000-7847e9150000 rw-p 00009000 08:30 12740                      /usr/lib/x86_64-linux-gnu/libdrm_nouveau.so.2.0.0
7847e9150000-7847e9153000 r--p 00000000 08:30 12736                      /usr/lib/x86_64-linux-gnu/libdrm_amdgpu.so.1.0.0
7847e9153000-7847e9159000 r-xp 00003000 08:30 12736                      /usr/lib/x86_64-linux-gnu/libdrm_amdgpu.so.1.0.0
7847e9159000-7847e915b000 r--p 00009000 08:30 12736                      /usr/lib/x86_64-linux-gnu/libdrm_amdgpu.so.1.0.0
7847e915b000-7847e915c000 r--p 0000a000 08:30 12736                      /usr/lib/x86_64-linux-gnu/libdrm_amdgpu.so.1.0.0
7847e915c000-7847e915d000 rw-p 0000b000 08:30 12736                      /usr/lib/x86_64-linux-gnu/libdrm_amdgpu.so.1.0.0
7847e915d000-7847e9160000 r--p 00000000 08:30 39402                      /usr/lib/x86_64-linux-gnu/libelf-0.190.so
7847e9160000-7847e9176000 r-xp 00003000 08:30 39402                      /usr/lib/x86_64-linux-gnu/libelf-0.190.so
7847e9176000-7847e917a000 r--p 00019000 08:30 39402                      /usr/lib/x86_64-linux-gnu/libelf-0.190.so
7847e917a000-7847e917b000 r--p 0001c000 08:30 39402                      /usr/lib/x86_64-linux-gnu/libelf-0.190.so
7847e917b000-7847e917c000 rw-p 0001d000 08:30 39402                      /usr/lib/x86_64-linux-gnu/libelf-0.190.so
7847e917c000-7847e917e000 r--p 00000000 08:30 12742                      /usr/lib/x86_64-linux-gnu/libdrm_radeon.so.1.0.1
7847e917e000-7847e9184000 r-xp 00002000 08:30 12742                      /usr/lib/x86_64-linux-gnu/libdrm_radeon.so.1.0.1
7847e9184000-7847e9188000 r--p 00008000 08:30 12742                      /usr/lib/x86_64-linux-gnu/libdrm_radeon.so.1.0.1
7847e9188000-7847e9189000 r--p 0000b000 08:30 12742                      /usr/lib/x86_64-linux-gnu/libdrm_radeon.so.1.0.1
7847e9189000-7847e918a000 rw-p 0000c000 08:30 12742                      /usr/lib/x86_64-linux-gnu/libdrm_radeon.so.1.0.1
7847e918a000-7847e918c000 r--p 00000000 08:30 12986                      /usr/lib/x86_64-linux-gnu/libsensors.so.5.0.0
7847e918c000-7847e9193000 r-xp 00002000 08:30 12986                      /usr/lib/x86_64-linux-gnu/libsensors.so.5.0.0
7847e9193000-7847e9197000 r--p 00009000 08:30 12986                      /usr/lib/x86_64-linux-gnu/libsensors.so.5.0.0
7847e9197000-7847e9198000 r--p 0000d000 08:30 12986                      /usr/lib/x86_64-linux-gnu/libsensors.so.5.0.0
7847e9198000-7847e9199000 rw-p 0000e000 08:30 12986                      /usr/lib/x86_64-linux-gnu/libsensors.so.5.0.0
7847e9199000-7847e919d000 r--p 00000000 08:30 13099                      /usr/lib/x86_64-linux-gnu/libzstd.so.1.5.5
7847e919d000-7847e9244000 r-xp 00004000 08:30 13099                      /usr/lib/x86_64-linux-gnu/libzstd.so.1.5.5
7847e9244000-7847e9251000 r--p 000ab000 08:30 13099                      /usr/lib/x86_64-linux-gnu/libzstd.so.1.5.5
7847e9251000-7847e9252000 r--p 000b7000 08:30 13099                      /usr/lib/x86_64-linux-gnu/libzstd.so.1.5.5
7847e9252000-7847e9253000 rw-p 000b8000 08:30 13099                      /usr/lib/x86_64-linux-gnu/libzstd.so.1.5.5
7847e9253000-7847e9256000 r--p 00000000 08:30 13079                      /usr/lib/x86_64-linux-gnu/libxcb-xfixes.so.0.0.0
7847e9256000-7847e9259000 r-xp 00003000 08:30 13079                      /usr/lib/x86_64-linux-gnu/libxcb-xfixes.so.0.0.0
7847e9259000-7847e925b000 r--p 00006000 08:30 13079                      /usr/lib/x86_64-linux-gnu/libxcb-xfixes.so.0.0.0
7847e925b000-7847e925c000 r--p 00007000 08:30 13079                      /usr/lib/x86_64-linux-gnu/libxcb-xfixes.so.0.0.0
7847e925c000-7847e925d000 rw-p 00008000 08:30 13079                      /usr/lib/x86_64-linux-gnu/libxcb-xfixes.so.0.0.0
7847e925d000-7847e9260000 r--p 00000000 08:30 13077                      /usr/lib/x86_64-linux-gnu/libxcb-sync.so.1.0.0
7847e9260000-7847e9263000 r-xp 00003000 08:30 13077                      /usr/lib/x86_64-linux-gnu/libxcb-sync.so.1.0.0
7847e9263000-7847e9264000 r--p 00006000 08:30 13077                      /usr/lib/x86_64-linux-gnu/libxcb-sync.so.1.0.0
7847e9264000-7847e9265000 r--p 00007000 08:30 13077                      /usr/lib/x86_64-linux-gnu/libxcb-sync.so.1.0.0
7847e9265000-7847e9266000 rw-p 00008000 08:30 13077                      /usr/lib/x86_64-linux-gnu/libxcb-sync.so.1.0.0
7847e9266000-7847e9267000 r--p 00000000 08:30 13069                      /usr/lib/x86_64-linux-gnu/libxcb-present.so.0.0.0
7847e9267000-7847e9268000 r-xp 00001000 08:30 13069                      /usr/lib/x86_64-linux-gnu/libxcb-present.so.0.0.0
7847e9268000-7847e9269000 r--p 00002000 08:30 13069                      /usr/lib/x86_64-linux-gnu/libxcb-present.so.0.0.0
7847e9269000-7847e926a000 r--p 00002000 08:30 13069                      /usr/lib/x86_64-linux-gnu/libxcb-present.so.0.0.0
7847e926a000-7847e926b000 rw-p 00003000 08:30 13069                      /usr/lib/x86_64-linux-gnu/libxcb-present.so.0.0.0
7847e926b000-7847e926d000 r--p 00000000 08:30 13065                      /usr/lib/x86_64-linux-gnu/libxcb-dri3.so.0.1.0
7847e926d000-7847e926f000 r-xp 00002000 08:30 13065                      /usr/lib/x86_64-linux-gnu/libxcb-dri3.so.0.1.0
7847e926f000-7847e9270000 r--p 00004000 08:30 13065                      /usr/lib/x86_64-linux-gnu/libxcb-dri3.so.0.1.0
7847e9270000-7847e9271000 r--p 00004000 08:30 13065                      /usr/lib/x86_64-linux-gnu/libxcb-dri3.so.0.1.0
7847e9271000-7847e9272000 rw-p 00005000 08:30 13065                      /usr/lib/x86_64-linux-gnu/libxcb-dri3.so.0.1.0
7847e9272000-7847e9279000 r--p 00000000 08:30 13071                      /usr/lib/x86_64-linux-gnu/libxcb-randr.so.0.1.0
7847e9279000-7847e927e000 r-xp 00007000 08:30 13071                      /usr/lib/x86_64-linux-gnu/libxcb-randr.so.0.1.0
7847e927e000-7847e9281000 r--p 0000c000 08:30 13071                      /usr/lib/x86_64-linux-gnu/libxcb-randr.so.0.1.0
7847e9281000-7847e9282000 r--p 0000f000 08:30 13071                      /usr/lib/x86_64-linux-gnu/libxcb-randr.so.0.1.0
7847e9282000-7847e9283000 rw-p 00010000 08:30 13071                      /usr/lib/x86_64-linux-gnu/libxcb-randr.so.0.1.0
7847e9283000-7847e9284000 r--p 00000000 08:30 13089                      /usr/lib/x86_64-linux-gnu/libxshmfence.so.1.0.0
7847e9284000-7847e9285000 r-xp 00001000 08:30 13089                      /usr/lib/x86_64-linux-gnu/libxshmfence.so.1.0.0
7847e9285000-7847e9286000 r--p 00002000 08:30 13089                      /usr/lib/x86_64-linux-gnu/libxshmfence.so.1.0.0
7847e9286000-7847e9287000 r--p 00002000 08:30 13089                      /usr/lib/x86_64-linux-gnu/libxshmfence.so.1.0.0
7847e9287000-7847e9288000 rw-p 00003000 08:30 13089                      /usr/lib/x86_64-linux-gnu/libxshmfence.so.1.0.0
7847e9288000-7847e928c000 r--p 00000000 08:30 19988                      /usr/lib/x86_64-linux-gnu/libexpat.so.1.9.1
7847e928c000-7847e92a9000 r-xp 00004000 08:30 19988                      /usr/lib/x86_64-linux-gnu/libexpat.so.1.9.1
7847e92a9000-7847e92b1000 r--p 00021000 08:30 19988                      /usr/lib/x86_64-linux-gnu/libexpat.so.1.9.1
7847e92b1000-7847e92b3000 r--p 00028000 08:30 19988                      /usr/lib/x86_64-linux-gnu/libexpat.so.1.9.1
7847e92b3000-7847e92b4000 rw-p 0002a000 08:30 19988                      /usr/lib/x86_64-linux-gnu/libexpat.so.1.9.1
7847e92b4000-7847e92bf000 r--p 00000000 08:30 13067                      /usr/lib/x86_64-linux-gnu/libxcb-glx.so.0.0.0
7847e92bf000-7847e92c8000 r-xp 0000b000 08:30 13067                      /usr/lib/x86_64-linux-gnu/libxcb-glx.so.0.0.0
7847e92c8000-7847e92cd000 r--p 00014000 08:30 13067                      /usr/lib/x86_64-linux-gnu/libxcb-glx.so.0.0.0
7847e92cd000-7847e92cf000 r--p 00019000 08:30 13067                      /usr/lib/x86_64-linux-gnu/libxcb-glx.so.0.0.0
7847e92cf000-7847e92d0000 rw-p 0001b000 08:30 13067                      /usr/lib/x86_64-linux-gnu/libxcb-glx.so.0.0.0
7847e92d0000-7847e92dd000 r--p 00000000 08:30 12805                      /usr/lib/x86_64-linux-gnu/libglapi.so.0.0.0
7847e92dd000-7847e92eb000 r-xp 0000d000 08:30 12805                      /usr/lib/x86_64-linux-gnu/libglapi.so.0.0.0
7847e92eb000-7847e92ff000 r--p 0001b000 08:30 12805                      /usr/lib/x86_64-linux-gnu/libglapi.so.0.0.0
7847e92ff000-7847e9303000 r--p 0002f000 08:30 12805                      /usr/lib/x86_64-linux-gnu/libglapi.so.0.0.0
7847e9303000-7847e9304000 rw-p 00033000 08:30 12805                      /usr/lib/x86_64-linux-gnu/libglapi.so.0.0.0
7847e9304000-7847e931d000 r--p 00000000 08:30 12601                      /usr/lib/x86_64-linux-gnu/libGLX_mesa.so.0.0.0
7847e931d000-7847e935d000 r-xp 00019000 08:30 12601                      /usr/lib/x86_64-linux-gnu/libGLX_mesa.so.0.0.0
7847e935d000-7847e9370000 r--p 00059000 08:30 12601                      /usr/lib/x86_64-linux-gnu/libGLX_mesa.so.0.0.0
7847e9370000-7847e9373000 r--p 0006b000 08:30 12601                      /usr/lib/x86_64-linux-gnu/libGLX_mesa.so.0.0.0
7847e9373000-7847e9374000 rw-p 0006e000 08:30 12601                      /usr/lib/x86_64-linux-gnu/libGLX_mesa.so.0.0.0
7847e9374000-7847e9375000 rw-p 00000000 00:00 0 
7847e9375000-7847e938e000 r--p 00000000 08:30 12613                      /usr/lib/x86_64-linux-gnu/libX11.so.6.4.0
7847e938e000-7847e941e000 r-xp 00019000 08:30 12613                      /usr/lib/x86_64-linux-gnu/libX11.so.6.4.0
7847e941e000-7847e94ad000 r--p 000a9000 08:30 12613                      /usr/lib/x86_64-linux-gnu/libX11.so.6.4.0
7847e94ad000-7847e94ae000 r--p 00138000 08:30 12613                      /usr/lib/x86_64-linux-gnu/libX11.so.6.4.0
7847e94ae000-7847e94b2000 rw-p 00139000 08:30 12613                      /usr/lib/x86_64-linux-gnu/libX11.so.6.4.0
7847e94b2000-7847e94b6000 ---p 00000000 00:00 0 
7847e94b6000-7847e95b2000 rw-p 00000000 00:00 0 
7847e95b2000-7847e95b3000 ---p 00000000 00:00 0 
7847e95b3000-7847e96b3000 rw-p 00000000 00:00 0 
7847e96b3000-7847e96b4000 ---p 00000000 00:00 0 
7847e96b4000-7847e97b4000 rw-p 00000000 00:00 0 
7847e97b4000-7847e97b5000 ---p 00000000 00:00 0 
7847e97b5000-7847e98b5000 rw-p 00000000 00:00 0 
7847e98b5000-7847e98b6000 ---p 00000000 00:00 0 
7847e98b6000-7847e99b6000 rw-p 00000000 00:00 0 
7847e99b9000-7847e99ba000 r--p 00000000 08:30 13075                      /usr/lib/x86_64-linux-gnu/libxcb-shm.so.0.0.0
7847e99ba000-7847e99bb000 r-xp 00001000 08:30 13075                      /usr/lib/x86_64-linux-gnu/libxcb-shm.so.0.0.0
7847e99bb000-7847e99bc000 r--p 00002000 08:30 13075                      /usr/lib/x86_64-linux-gnu/libxcb-shm.so.0.0.0
7847e99bc000-7847e99bd000 r--p 00002000 08:30 13075                      /usr/lib/x86_64-linux-gnu/libxcb-shm.so.0.0.0
7847e99bd000-7847e99be000 rw-p 00003000 08:30 13075                      /usr/lib/x86_64-linux-gnu/libxcb-shm.so.0.0.0
7847e99be000-7847e99c3000 r--p 00000000 08:30 12734                      /usr/lib/x86_64-linux-gnu/libdrm.so.2.4.0
7847e99c3000-7847e99cf000 r-xp 00005000 08:30 12734                      /usr/lib/x86_64-linux-gnu/libdrm.so.2.4.0
7847e99cf000-7847e99d3000 r--p 00011000 08:30 12734                      /usr/lib/x86_64-linux-gnu/libdrm.so.2.4.0
7847e99d3000-7847e99d4000 r--p 00014000 08:30 12734                      /usr/lib/x86_64-linux-gnu/libdrm.so.2.4.0
7847e99d4000-7847e99d5000 rw-p 00015000 08:30 12734                      /usr/lib/x86_64-linux-gnu/libdrm.so.2.4.0
7847e99d5000-7847e99d7000 r--p 00000000 08:30 12897                      /usr/lib/x86_64-linux-gnu/libmd.so.0.1.0
7847e99d7000-7847e99e0000 r-xp 00002000 08:30 12897                      /usr/lib/x86_64-linux-gnu/libmd.so.0.1.0
7847e99e0000-7847e99e2000 r--p 0000b000 08:30 12897                      /usr/lib/x86_64-linux-gnu/libmd.so.0.1.0
7847e99e2000-7847e99e3000 r--p 0000c000 08:30 12897                      /usr/lib/x86_64-linux-gnu/libmd.so.0.1.0
7847e99e3000-7847e99e4000 rw-p 0000d000 08:30 12897                      /usr/lib/x86_64-linux-gnu/libmd.so.0.1.0
7847e99e4000-7847e99e8000 r--p 00000000 08:30 12684                      /usr/lib/x86_64-linux-gnu/libbsd.so.0.12.1
7847e99e8000-7847e99f4000 r-xp 00004000 08:30 12684                      /usr/lib/x86_64-linux-gnu/libbsd.so.0.12.1
7847e99f4000-7847e99f7000 r--p 00010000 08:30 12684                      /usr/lib/x86_64-linux-gnu/libbsd.so.0.12.1
7847e99f7000-7847e99f8000 r--p 00012000 08:30 12684                      /usr/lib/x86_64-linux-gnu/libbsd.so.0.12.1
7847e99f8000-7847e99f9000 rw-p 00013000 08:30 12684                      /usr/lib/x86_64-linux-gnu/libbsd.so.0.12.1
7847e99f9000-7847e99fa000 rw-p 00000000 00:00 0 
7847e99fa000-7847e99fb000 ---p 00000000 00:00 0 
7847e99fb000-7847e9afb000 rw-p 00000000 00:00 0 
7847e9afb000-7847e9afc000 ---p 00000000 00:00 0 
7847e9afc000-7847e9bfc000 rw-p 00000000 00:00 0 
7847e9bfc000-7847e9bfd000 ---p 00000000 00:00 0 
7847e9bfd000-7847e9cfd000 rw-p 00000000 00:00 0 
7847e9cfd000-7847e9cfe000 ---p 00000000 00:00 0 
7847e9cfe000-7847e9dfe000 rw-p 00000000 00:00 0 
7847e9dfe000-7847e9dff000 ---p 00000000 00:00 0 
7847e9dff000-7847e9eff000 rw-p 00000000 00:00 0 
7847e9eff000-7847e9f00000 ---p 00000000 00:00 0 
7847e9f00000-7847ec021000 rw-p 00000000 00:00 0 
7847ec021000-7847f0000000 ---p 00000000 00:00 0 
7847f0000000-7847f0021000 rw-p 00000000 00:00 0 
7847f0021000-7847f4000000 ---p 00000000 00:00 0 
7847f4000000-7847f4021000 rw-p 00000000 00:00 0 
7847f4021000-7847f8000000 ---p 00000000 00:00 0 
7847f8000000-7847f8002000 r--p 00000000 08:30 12627                      /usr/lib/x86_64-linux-gnu/libXfixes.so.3.1.0
7847f8002000-7847f8005000 r-xp 00002000 08:30 12627                      /usr/lib/x86_64-linux-gnu/libXfixes.so.3.1.0
7847f8005000-7847f8006000 r--p 00005000 08:30 12627                      /usr/lib/x86_64-linux-gnu/libXfixes.so.3.1.0
7847f8006000-7847f8007000 r--p 00005000 08:30 12627                      /usr/lib/x86_64-linux-gnu/libXfixes.so.3.1.0
7847f8007000-7847f8008000 rw-p 00006000 08:30 12627                      /usr/lib/x86_64-linux-gnu/libXfixes.so.3.1.0
7847f8008000-7847f800b000 r--p 00000000 08:30 12598                      /usr/lib/x86_64-linux-gnu/libGLX.so.0.0.0
7847f800b000-7847f8026000 r-xp 00003000 08:30 12598                      /usr/lib/x86_64-linux-gnu/libGLX.so.0.0.0
7847f8026000-7847f8029000 r--p 0001e000 08:30 12598                      /usr/lib/x86_64-linux-gnu/libGLX.so.0.0.0
7847f8029000-7847f802a000 r--p 00020000 08:30 12598                      /usr/lib/x86_64-linux-gnu/libGLX.so.0.0.0
7847f802a000-7847f802b000 rw-p 00021000 08:30 12598                      /usr/lib/x86_64-linux-gnu/libGLX.so.0.0.0
7847f802b000-7847f803b000 rw-p 00000000 00:00 0 
7847f803b000-7847f807c000 r--p 00000000 08:30 12603                      /usr/lib/x86_64-linux-gnu/libGLdispatch.so.0.0.0
7847f807c000-7847f80bb000 r-xp 00041000 08:30 12603                      /usr/lib/x86_64-linux-gnu/libGLdispatch.so.0.0.0
7847f80bb000-7847f80ce000 r--p 00080000 08:30 12603                      /usr/lib/x86_64-linux-gnu/libGLdispatch.so.0.0.0
7847f80ce000-7847f80ea000 r--p 00093000 08:30 12603                      /usr/lib/x86_64-linux-gnu/libGLdispatch.so.0.0.0
7847f80ea000-7847f80eb000 rw-p 000af000 08:30 12603                      /usr/lib/x86_64-linux-gnu/libGLdispatch.so.0.0.0
7847f80eb000-7847f80f3000 rw-p 00000000 00:00 0 
7847f80f3000-7847f80f7000 ---p 00000000 00:00 0 
7847f80f7000-7847f81f3000 rw-p 00000000 00:00 0 
7847f81f3000-7847f81f7000 ---p 00000000 00:00 0 
7847f81f7000-7847f82f3000 rw-p 00000000 00:00 0 
7847f82f3000-7847f82f4000 ---p 00000000 00:00 0 
7847f82f4000-7847f83f4000 rw-p 00000000 00:00 0 
7847f83f4000-7847f83f5000 ---p 00000000 00:00 0 
7847f83f5000-7847f84f5000 rw-p 00000000 00:00 0 
7847f84f5000-7847f84f6000 ---p 00000000 00:00 0 
7847f84f6000-7847f85f6000 rw-p 00000000 00:00 0 
7847f85f6000-7847f85f7000 ---p 00000000 00:00 0 
7847f85f7000-7847f86f7000 rw-p 00000000 00:00 0 
7847f86f7000-7847f86fb000 ---p 00000000 00:00 0 
7847f86fb000-7847f87f7000 rw-p 00000000 00:00 0 
7847f87f7000-7847f87fb000 ---p 00000000 00:00 0 
7847f87fb000-7847f88f7000 rw-p 00000000 00:00 0 
7847f88f7000-7847f88fb000 ---p 00000000 00:00 0 
7847f88fb000-7847f89f7000 rw-p 00000000 00:00 0 
7847f89f7000-7847f89fb000 ---p 00000000 00:00 0 
7847f89fb000-7847f8af7000 rw-p 00000000 00:00 0 
7847f8af7000-7847f8afb000 ---p 00000000 00:00 0 
7847f8afb000-7847f8bf7000 rw-p 00000000 00:00 0 
7847f8bf7000-7847f8bfb000 ---p 00000000 00:00 0 
7847f8bfb000-7847f8cf7000 rw-p 00000000 00:00 0 
7847f8cf7000-7847f8cfb000 ---p 00000000 00:00 0 
7847f8cfb000-7847f8df7000 rw-p 00000000 00:00 0 
7847f8df7000-7847f8dfb000 ---p 00000000 00:00 0 
7847f8dfb000-7847f8ef7000 rw-p 00000000 00:00 0 
7847f8ef7000-7847f8efb000 ---p 00000000 00:00 0 
7847f8efb000-7847f8ff7000 rw-p 00000000 00:00 0 
7847f8ff7000-7847f8ffb000 ---p 00000000 00:00 0 
7847f8ffb000-7847f90f7000 rw-p 00000000 00:00 0 
7847f90f7000-7847f90fc000 r--p 00000000 08:30 107354                     /usr/lib/jvm/java-21-openjdk-amd64/lib/libjsvml.so
7847f90fc000-7847f913d000 r-xp 00005000 08:30 107354                     /usr/lib/jvm/java-21-openjdk-amd64/lib/libjsvml.so
7847f913d000-7847f91c6000 r--p 00046000 08:30 107354                     /usr/lib/jvm/java-21-openjdk-amd64/lib/libjsvml.so
7847f91c6000-7847f91c7000 r--p 000ce000 08:30 107354                     /usr/lib/jvm/java-21-openjdk-amd64/lib/libjsvml.so
7847f91c7000-7847f91c8000 rw-p 000cf000 08:30 107354                     /usr/lib/jvm/java-21-openjdk-amd64/lib/libjsvml.so
7847f91c8000-7847f93b8000 rw-p 00000000 00:00 0 
7847f93b8000-7847f94a8000 ---p 00000000 00:00 0 
7847f94a8000-7847f94d8000 rw-p 00000000 00:00 0 
7847f94d8000-7847f9528000 ---p 00000000 00:00 0 
7847f9528000-7847f9530000 rw-p 00000000 00:00 0 
7847f9530000-7847fc790000 ---p 00000000 00:00 0 
7847fc790000-7847fc800000 rw-p 00000000 00:00 0 
7847fc800000-7847fdb70000 rwxp 00000000 00:00 0 
7847fdb70000-784803c5f000 ---p 00000000 00:00 0 
784803c5f000-78480409f000 rwxp 00000000 00:00 0 
78480409f000-7848043a0000 ---p 00000000 00:00 0 
7848043a0000-784804820000 rwxp 00000000 00:00 0 
784804820000-78480b800000 ---p 00000000 00:00 0 
78480b800000-784813e3e000 r--s 00000000 08:30 107388                     /usr/lib/jvm/java-21-openjdk-amd64/lib/modules
784813e41000-784813e43000 r--p 00000000 08:30 13063                      /usr/lib/x86_64-linux-gnu/libxcb-dri2.so.0.0.0
784813e43000-784813e45000 r-xp 00002000 08:30 13063                      /usr/lib/x86_64-linux-gnu/libxcb-dri2.so.0.0.0
784813e45000-784813e46000 r--p 00004000 08:30 13063                      /usr/lib/x86_64-linux-gnu/libxcb-dri2.so.0.0.0
784813e46000-784813e47000 r--p 00004000 08:30 13063                      /usr/lib/x86_64-linux-gnu/libxcb-dri2.so.0.0.0
784813e47000-784813e48000 rw-p 00005000 08:30 13063                      /usr/lib/x86_64-linux-gnu/libxcb-dri2.so.0.0.0
784813e48000-784813e4a000 r--p 00000000 08:30 12623                      /usr/lib/x86_64-linux-gnu/libXdmcp.so.6.0.0
784813e4a000-784813e4c000 r-xp 00002000 08:30 12623                      /usr/lib/x86_64-linux-gnu/libXdmcp.so.6.0.0
784813e4c000-784813e4e000 r--p 00004000 08:30 12623                      /usr/lib/x86_64-linux-gnu/libXdmcp.so.6.0.0
784813e4e000-784813e4f000 r--p 00005000 08:30 12623                      /usr/lib/x86_64-linux-gnu/libXdmcp.so.6.0.0
784813e4f000-784813e50000 rw-p 00006000 08:30 12623                      /usr/lib/x86_64-linux-gnu/libXdmcp.so.6.0.0
784813e50000-784813e5b000 r--p 00000000 08:30 13081                      /usr/lib/x86_64-linux-gnu/libxcb.so.1.1.0
784813e5b000-784813e6e000 r-xp 0000b000 08:30 13081                      /usr/lib/x86_64-linux-gnu/libxcb.so.1.1.0
784813e6e000-784813e77000 r--p 0001e000 08:30 13081                      /usr/lib/x86_64-linux-gnu/libxcb.so.1.1.0
784813e77000-784813e78000 r--p 00026000 08:30 13081                      /usr/lib/x86_64-linux-gnu/libxcb.so.1.1.0
784813e78000-784813e79000 rw-p 00027000 08:30 13081                      /usr/lib/x86_64-linux-gnu/libxcb.so.1.1.0
784813e79000-784813ebc000 r--p 00000000 08:30 12596                      /usr/lib/x86_64-linux-gnu/libGL.so.1.7.0
784813ebc000-784813edc000 r-xp 00043000 08:30 12596                      /usr/lib/x86_64-linux-gnu/libGL.so.1.7.0
784813edc000-784813ef0000 r--p 00063000 08:30 12596                      /usr/lib/x86_64-linux-gnu/libGL.so.1.7.0
784813ef0000-784813efe000 r--p 00077000 08:30 12596                      /usr/lib/x86_64-linux-gnu/libGL.so.1.7.0
784813efe000-784813eff000 rw-p 00085000 08:30 12596                      /usr/lib/x86_64-linux-gnu/libGL.so.1.7.0
784813eff000-784813f00000 rw-p 00000000 00:00 0 
784813f00000-784813f04000 ---p 00000000 00:00 0 
784813f04000-78481504e000 rw-p 00000000 00:00 0 
78481504e000-784818000000 ---p 00000000 00:00 0 
784818000000-784818001000 r--p 00000000 08:30 12611                      /usr/lib/x86_64-linux-gnu/libX11-xcb.so.1.0.0
784818001000-784818002000 r-xp 00001000 08:30 12611                      /usr/lib/x86_64-linux-gnu/libX11-xcb.so.1.0.0
784818002000-784818003000 r--p 00002000 08:30 12611                      /usr/lib/x86_64-linux-gnu/libX11-xcb.so.1.0.0
784818003000-784818004000 r--p 00002000 08:30 12611                      /usr/lib/x86_64-linux-gnu/libX11-xcb.so.1.0.0
784818004000-784818005000 rw-p 00003000 08:30 12611                      /usr/lib/x86_64-linux-gnu/libX11-xcb.so.1.0.0
784818005000-784818006000 r--p 00000000 08:30 12615                      /usr/lib/x86_64-linux-gnu/libXau.so.6.0.0
784818006000-784818008000 r-xp 00001000 08:30 12615                      /usr/lib/x86_64-linux-gnu/libXau.so.6.0.0
784818008000-784818009000 r--p 00003000 08:30 12615                      /usr/lib/x86_64-linux-gnu/libXau.so.6.0.0
784818009000-78481800a000 r--p 00003000 08:30 12615                      /usr/lib/x86_64-linux-gnu/libXau.so.6.0.0
78481800a000-78481800b000 rw-p 00004000 08:30 12615                      /usr/lib/x86_64-linux-gnu/libXau.so.6.0.0
78481800b000-78481800f000 r--p 00000000 08:30 12625                      /usr/lib/x86_64-linux-gnu/libXext.so.6.4.0
78481800f000-78481801a000 r-xp 00004000 08:30 12625                      /usr/lib/x86_64-linux-gnu/libXext.so.6.4.0
78481801a000-78481801d000 r--p 0000f000 08:30 12625                      /usr/lib/x86_64-linux-gnu/libXext.so.6.4.0
78481801d000-78481801e000 r--p 00011000 08:30 12625                      /usr/lib/x86_64-linux-gnu/libXext.so.6.4.0
78481801e000-78481801f000 rw-p 00012000 08:30 12625                      /usr/lib/x86_64-linux-gnu/libXext.so.6.4.0
78481801f000-784818020000 r--p 00000000 08:30 12641                      /usr/lib/x86_64-linux-gnu/libXxf86vm.so.1.0.0
784818020000-784818023000 r-xp 00001000 08:30 12641                      /usr/lib/x86_64-linux-gnu/libXxf86vm.so.1.0.0
784818023000-784818024000 r--p 00004000 08:30 12641                      /usr/lib/x86_64-linux-gnu/libXxf86vm.so.1.0.0
784818024000-784818025000 r--p 00004000 08:30 12641                      /usr/lib/x86_64-linux-gnu/libXxf86vm.so.1.0.0
784818025000-784818026000 rw-p 00005000 08:30 12641                      /usr/lib/x86_64-linux-gnu/libXxf86vm.so.1.0.0
784818027000-784818028000 r--s 00000000 00:52 51                         /run/user/1000/dconf/user
784818028000-784818029000 r-xp 00000000 08:30 118464                     /home/ann/.openjfx/cache/21+31/amd64/libglass.so
784818029000-78481802a000 ---p 00001000 08:30 118464                     /home/ann/.openjfx/cache/21+31/amd64/libglass.so
78481802a000-78481802b000 r--p 00001000 08:30 118464                     /home/ann/.openjfx/cache/21+31/amd64/libglass.so
78481802b000-78481802c000 rw-p 00002000 08:30 118464                     /home/ann/.openjfx/cache/21+31/amd64/libglass.so
78481802c000-784818038000 r-xp 00000000 08:30 118460                     /home/ann/.openjfx/cache/21+31/amd64/libprism_es2.so
784818038000-784818039000 r--p 0000b000 08:30 118460                     /home/ann/.openjfx/cache/21+31/amd64/libprism_es2.so
784818039000-78481803a000 rw-p 0000c000 08:30 118460                     /home/ann/.openjfx/cache/21+31/amd64/libprism_es2.so
78481803a000-78481803b000 r--p 00000000 08:30 107265                     /usr/lib/jvm/java-21-openjdk-amd64/lib/libextnet.so
78481803b000-78481803c000 r-xp 00001000 08:30 107265                     /usr/lib/jvm/java-21-openjdk-amd64/lib/libextnet.so
78481803c000-78481803d000 r--p 00002000 08:30 107265                     /usr/lib/jvm/java-21-openjdk-amd64/lib/libextnet.so
78481803d000-78481803e000 r--p 00002000 08:30 107265                     /usr/lib/jvm/java-21-openjdk-amd64/lib/libextnet.so
78481803e000-78481803f000 rw-p 00003000 08:30 107265                     /usr/lib/jvm/java-21-openjdk-amd64/lib/libextnet.so
78481803f000-784818043000 r--p 00000000 08:30 107386                     /usr/lib/jvm/java-21-openjdk-amd64/lib/libverify.so
784818043000-78481804a000 r-xp 00004000 08:30 107386                     /usr/lib/jvm/java-21-openjdk-amd64/lib/libverify.so
78481804a000-78481804c000 r--p 0000b000 08:30 107386                     /usr/lib/jvm/java-21-openjdk-amd64/lib/libverify.so
78481804c000-78481804e000 r--p 0000c000 08:30 107386                     /usr/lib/jvm/java-21-openjdk-amd64/lib/libverify.so
78481804e000-78481804f000 rw-p 0000e000 08:30 107386                     /usr/lib/jvm/java-21-openjdk-amd64/lib/libverify.so
78481804f000-784818051000 r--p 00000000 08:30 107387                     /usr/lib/jvm/java-21-openjdk-amd64/lib/libzip.so
784818051000-784818056000 r-xp 00002000 08:30 107387                     /usr/lib/jvm/java-21-openjdk-amd64/lib/libzip.so
784818056000-784818058000 r--p 00007000 08:30 107387                     /usr/lib/jvm/java-21-openjdk-amd64/lib/libzip.so
784818058000-784818059000 r--p 00008000 08:30 107387                     /usr/lib/jvm/java-21-openjdk-amd64/lib/libzip.so
784818059000-78481805a000 rw-p 00009000 08:30 107387                     /usr/lib/jvm/java-21-openjdk-amd64/lib/libzip.so
78481805a000-78481805d000 r--p 00000000 08:30 107370                     /usr/lib/jvm/java-21-openjdk-amd64/lib/libnet.so
78481805d000-784818065000 r-xp 00003000 08:30 107370                     /usr/lib/jvm/java-21-openjdk-amd64/lib/libnet.so
784818065000-784818067000 r--p 0000b000 08:30 107370                     /usr/lib/jvm/java-21-openjdk-amd64/lib/libnet.so
784818067000-784818068000 r--p 0000c000 08:30 107370                     /usr/lib/jvm/java-21-openjdk-amd64/lib/libnet.so
784818068000-784818069000 rw-p 0000d000 08:30 107370                     /usr/lib/jvm/java-21-openjdk-amd64/lib/libnet.so
784818069000-784818070000 r--p 00000000 08:30 107372                     /usr/lib/jvm/java-21-openjdk-amd64/lib/libnio.so
784818070000-784818079000 r-xp 00007000 08:30 107372                     /usr/lib/jvm/java-21-openjdk-amd64/lib/libnio.so
784818079000-78481807d000 r--p 00010000 08:30 107372                     /usr/lib/jvm/java-21-openjdk-amd64/lib/libnio.so
78481807d000-78481807e000 r--p 00014000 08:30 107372                     /usr/lib/jvm/java-21-openjdk-amd64/lib/libnio.so
78481807e000-78481807f000 rw-p 00015000 08:30 107372                     /usr/lib/jvm/java-21-openjdk-amd64/lib/libnio.so
78481807f000-784818083000 ---p 00000000 00:00 0 
784818083000-78481817f000 rw-p 00000000 00:00 0 
78481817f000-784818183000 ---p 00000000 00:00 0 
784818183000-78481827f000 rw-p 00000000 00:00 0 
78481827f000-784818283000 ---p 00000000 00:00 0 
784818283000-78481837f000 rw-p 00000000 00:00 0 
78481837f000-784818383000 ---p 00000000 00:00 0 
784818383000-78481847f000 rw-p 00000000 00:00 0 
78481847f000-784818483000 ---p 00000000 00:00 0 
784818483000-78481857f000 rw-p 00000000 00:00 0 
78481857f000-784818583000 ---p 00000000 00:00 0 
784818583000-78481867f000 rw-p 00000000 00:00 0 
78481867f000-7848186d8000 r--p 00000000 08:30 20627                      /usr/lib/locale/C.utf8/LC_CTYPE
7848186d8000-7848186d9000 ---p 00000000 00:00 0 
7848186d9000-7848187d9000 rw-p 00000000 00:00 0 
7848187d9000-7848187da000 ---p 00000000 00:00 0 
7848187da000-7848188da000 rw-p 00000000 00:00 0 
7848188da000-7848188db000 ---p 00000000 00:00 0 
7848188db000-7848189db000 rw-p 00000000 00:00 0 
7848189db000-7848189dc000 ---p 00000000 00:00 0 
7848189dc000-7848197e9000 rw-p 00000000 00:00 0 
7848197e9000-7848197ea000 ---p 00000000 00:00 0 
7848197ea000-7848198ea000 rw-p 00000000 00:00 0 
7848198ea000-7848198eb000 ---p 00000000 00:00 0 
7848198eb000-7848199eb000 rw-p 00000000 00:00 0 
7848199eb000-7848199ec000 ---p 00000000 00:00 0 
7848199ec000-784819bd1000 rw-p 00000000 00:00 0 
784819bd1000-784819bef000 ---p 00000000 00:00 0 
784819bef000-784819bf5000 rw-p 00000000 00:00 0 
784819bf5000-784819bff000 ---p 00000000 00:00 0 
784819bff000-784819c00000 rw-p 00000000 00:00 0 
784819c00000-78481a24c000 ---p 00000000 00:00 0 
78481a24c000-78481a298000 rw-p 00000000 00:00 0 
78481a298000-78481a2b6000 ---p 00000000 00:00 0 
78481a2b6000-78481a2bc000 rw-p 00000000 00:00 0 
78481a2bc000-78481a2c6000 ---p 00000000 00:00 0 
78481a2c6000-78481a2c7000 rw-p 00000000 00:00 0 
78481a2c7000-78481a913000 ---p 00000000 00:00 0 
78481a913000-78481b637000 rw-p 00000000 00:00 0 
78481b637000-78481b717000 ---p 00000000 00:00 0 
78481b717000-78481b73e000 rw-p 00000000 00:00 0 
78481b73e000-78481b800000 ---p 00000000 00:00 0 
78481b800000-78481b89d000 r--p 00000000 08:30 34283                      /usr/lib/x86_64-linux-gnu/libstdc++.so.6.0.33
78481b89d000-78481b9e5000 r-xp 0009d000 08:30 34283                      /usr/lib/x86_64-linux-gnu/libstdc++.so.6.0.33
78481b9e5000-78481ba6c000 r--p 001e5000 08:30 34283                      /usr/lib/x86_64-linux-gnu/libstdc++.so.6.0.33
78481ba6c000-78481ba77000 r--p 0026b000 08:30 34283                      /usr/lib/x86_64-linux-gnu/libstdc++.so.6.0.33
78481ba77000-78481ba7a000 rw-p 00276000 08:30 34283                      /usr/lib/x86_64-linux-gnu/libstdc++.so.6.0.33
78481ba7a000-78481ba7e000 rw-p 00000000 00:00 0 
78481ba7e000-78481ba7f000 r--p 00000000 08:30 21355                      /usr/lib/locale/C.utf8/LC_NUMERIC
78481ba7f000-78481bb00000 rw-p 00000000 00:00 0 
78481bb00000-78481bb04000 ---p 00000000 00:00 0 
78481bb04000-78481bc00000 rw-p 00000000 00:00 0 
78481bc00000-78481bea2000 r--p 00000000 08:30 107394                     /usr/lib/jvm/java-21-openjdk-amd64/lib/server/libjvm.so
78481bea2000-78481cd18000 r-xp 002a2000 08:30 107394                     /usr/lib/jvm/java-21-openjdk-amd64/lib/server/libjvm.so
78481cd18000-78481cff2000 r--p 01118000 08:30 107394                     /usr/lib/jvm/java-21-openjdk-amd64/lib/server/libjvm.so
78481cff2000-78481d0c6000 r--p 013f1000 08:30 107394                     /usr/lib/jvm/java-21-openjdk-amd64/lib/server/libjvm.so
78481d0c6000-78481d0f6000 rw-p 014c5000 08:30 107394                     /usr/lib/jvm/java-21-openjdk-amd64/lib/server/libjvm.so
78481d0f6000-78481d15c000 rw-p 00000000 00:00 0 
78481d15c000-78481d15d000 r--p 00000000 08:30 34504                      /usr/lib/locale/C.utf8/LC_TIME
78481d15d000-78481d164000 r--s 00000000 08:30 52181                      /usr/lib/x86_64-linux-gnu/gconv/gconv-modules.cache
78481d164000-78481d200000 rw-p 00000000 00:00 0 
78481d200000-78481d228000 r--p 00000000 08:30 52193                      /usr/lib/x86_64-linux-gnu/libc.so.6
78481d228000-78481d3b0000 r-xp 00028000 08:30 52193                      /usr/lib/x86_64-linux-gnu/libc.so.6
78481d3b0000-78481d3ff000 r--p 001b0000 08:30 52193                      /usr/lib/x86_64-linux-gnu/libc.so.6
78481d3ff000-78481d403000 r--p 001fe000 08:30 52193                      /usr/lib/x86_64-linux-gnu/libc.so.6
78481d403000-78481d405000 rw-p 00202000 08:30 52193                      /usr/lib/x86_64-linux-gnu/libc.so.6
78481d405000-78481d412000 rw-p 00000000 00:00 0 
78481d412000-78481d413000 r--p 00000000 08:30 20626                      /usr/lib/locale/C.utf8/LC_COLLATE
78481d413000-78481d414000 r--p 00000000 08:30 21347                      /usr/lib/locale/C.utf8/LC_MONETARY
78481d414000-78481d415000 r--p 00000000 08:30 20631                      /usr/lib/locale/C.utf8/LC_MESSAGES/SYS_LC_MESSAGES
78481d415000-78481d416000 r--p 00000000 08:30 21359                      /usr/lib/locale/C.utf8/LC_PAPER
78481d416000-78481d417000 r--p 00000000 08:30 21351                      /usr/lib/locale/C.utf8/LC_NAME
78481d417000-78481d418000 r--p 00000000 08:30 18728                      /usr/lib/locale/C.utf8/LC_ADDRESS
78481d418000-78481d421000 rw-p 00000000 00:00 0 
78481d421000-78481d427000 ---p 00000000 00:00 0 
78481d427000-78481d434000 r--p 00000000 08:30 107344                     /usr/lib/jvm/java-21-openjdk-amd64/lib/libjava.so
78481d434000-78481d443000 r-xp 0000d000 08:30 107344                     /usr/lib/jvm/java-21-openjdk-amd64/lib/libjava.so
78481d443000-78481d448000 r--p 0001c000 08:30 107344                     /usr/lib/jvm/java-21-openjdk-amd64/lib/libjava.so
78481d448000-78481d449000 r--p 00021000 08:30 107344                     /usr/lib/jvm/java-21-openjdk-amd64/lib/libjava.so
78481d449000-78481d44a000 rw-p 00022000 08:30 107344                     /usr/lib/jvm/java-21-openjdk-amd64/lib/libjava.so
78481d44a000-78481d44b000 rw-p 00000000 00:00 0 
78481d44b000-78481d453000 rw-s 00000000 08:30 118474                     /tmp/hsperfdata_ann/3513
78481d453000-78481d455000 r--p 00000000 08:30 107349                     /usr/lib/jvm/java-21-openjdk-amd64/lib/libjimage.so
78481d455000-78481d458000 r-xp 00002000 08:30 107349                     /usr/lib/jvm/java-21-openjdk-amd64/lib/libjimage.so
78481d458000-78481d459000 r--p 00005000 08:30 107349                     /usr/lib/jvm/java-21-openjdk-amd64/lib/libjimage.so
78481d459000-78481d45a000 r--p 00006000 08:30 107349                     /usr/lib/jvm/java-21-openjdk-amd64/lib/libjimage.so
78481d45a000-78481d45b000 rw-p 00007000 08:30 107349                     /usr/lib/jvm/java-21-openjdk-amd64/lib/libjimage.so
78481d45b000-78481d45f000 r--p 00000000 08:30 50985                      /usr/lib/x86_64-linux-gnu/libgcc_s.so.1
78481d45f000-78481d483000 r-xp 00004000 08:30 50985                      /usr/lib/x86_64-linux-gnu/libgcc_s.so.1
78481d483000-78481d487000 r--p 00028000 08:30 50985                      /usr/lib/x86_64-linux-gnu/libgcc_s.so.1
78481d487000-78481d488000 r--p 0002b000 08:30 50985                      /usr/lib/x86_64-linux-gnu/libgcc_s.so.1
78481d488000-78481d489000 rw-p 0002c000 08:30 50985                      /usr/lib/x86_64-linux-gnu/libgcc_s.so.1
78481d489000-78481d499000 r--p 00000000 08:30 52196                      /usr/lib/x86_64-linux-gnu/libm.so.6
78481d499000-78481d518000 r-xp 00010000 08:30 52196                      /usr/lib/x86_64-linux-gnu/libm.so.6
78481d518000-78481d570000 r--p 0008f000 08:30 52196                      /usr/lib/x86_64-linux-gnu/libm.so.6
78481d570000-78481d571000 r--p 000e7000 08:30 52196                      /usr/lib/x86_64-linux-gnu/libm.so.6
78481d571000-78481d572000 rw-p 000e8000 08:30 52196                      /usr/lib/x86_64-linux-gnu/libm.so.6
78481d572000-78481d574000 rw-p 00000000 00:00 0 
78481d574000-78481d576000 r--p 00000000 08:30 107350                     /usr/lib/jvm/java-21-openjdk-amd64/lib/libjli.so
78481d576000-78481d580000 r-xp 00002000 08:30 107350                     /usr/lib/jvm/java-21-openjdk-amd64/lib/libjli.so
78481d580000-78481d583000 r--p 0000c000 08:30 107350                     /usr/lib/jvm/java-21-openjdk-amd64/lib/libjli.so
78481d583000-78481d584000 r--p 0000f000 08:30 107350                     /usr/lib/jvm/java-21-openjdk-amd64/lib/libjli.so
78481d584000-78481d585000 rw-p 00010000 08:30 107350                     /usr/lib/jvm/java-21-openjdk-amd64/lib/libjli.so
78481d585000-78481d587000 r--p 00000000 08:30 13097                      /usr/lib/x86_64-linux-gnu/libz.so.1.3
78481d587000-78481d599000 r-xp 00002000 08:30 13097                      /usr/lib/x86_64-linux-gnu/libz.so.1.3
78481d599000-78481d59f000 r--p 00014000 08:30 13097                      /usr/lib/x86_64-linux-gnu/libz.so.1.3
78481d59f000-78481d5a0000 r--p 0001a000 08:30 13097                      /usr/lib/x86_64-linux-gnu/libz.so.1.3
78481d5a0000-78481d5a1000 rw-p 0001b000 08:30 13097                      /usr/lib/x86_64-linux-gnu/libz.so.1.3
78481d5a1000-78481d5a2000 r--p 00000000 08:30 34375                      /usr/lib/locale/C.utf8/LC_TELEPHONE
78481d5a2000-78481d5a3000 r--p 00000000 08:30 20630                      /usr/lib/locale/C.utf8/LC_MEASUREMENT
78481d5a3000-78481d5a4000 r--p 00000000 08:30 20628                      /usr/lib/locale/C.utf8/LC_IDENTIFICATION
78481d5a4000-78481d5a5000 ---p 00000000 00:00 0 
78481d5a5000-78481d5a6000 r--p 00000000 00:00 0 
78481d5a6000-78481d5a7000 ---p 00000000 00:00 0 
78481d5a7000-78481d5a9000 rw-p 00000000 00:00 0 
78481d5a9000-78481d5aa000 r--p 00000000 08:30 52190                      /usr/lib/x86_64-linux-gnu/ld-linux-x86-64.so.2
78481d5aa000-78481d5d5000 r-xp 00001000 08:30 52190                      /usr/lib/x86_64-linux-gnu/ld-linux-x86-64.so.2
78481d5d5000-78481d5df000 r--p 0002c000 08:30 52190                      /usr/lib/x86_64-linux-gnu/ld-linux-x86-64.so.2
78481d5df000-78481d5e1000 r--p 00036000 08:30 52190                      /usr/lib/x86_64-linux-gnu/ld-linux-x86-64.so.2
78481d5e1000-78481d5e3000 rw-p 00038000 08:30 52190                      /usr/lib/x86_64-linux-gnu/ld-linux-x86-64.so.2
7fff22c76000-7fff22c98000 rw-p 00000000 00:00 0                          [stack]
7fff22d80000-7fff22d84000 r--p 00000000 00:00 0                          [vvar]
7fff22d84000-7fff22d86000 r-xp 00000000 00:00 0                          [vdso]
Total number of mappings: 1063

JVMTI agents: none


VM Arguments:
jvm_args: --add-opens=java.base/java.lang=ALL-UNNAMED --add-opens=java.base/java.nio=ALL-UNNAMED --add-opens=java.base/java.util=ALL-UNNAMED --module-path=/home/ann/.m2/repository/org/openjfx/javafx-base/21/javafx-base-21-linux.jar:/home/ann/.m2/repository/org/openjfx/javafx-controls/21/javafx-controls-21-linux.jar:/home/ann/.m2/repository/org/openjfx/javafx-fxml/21/javafx-fxml-21-linux.jar:/home/ann/.m2/repository/org/openjfx/javafx-graphics/21/javafx-graphics-21-linux.jar --add-modules=javafx.controls,javafx.fxml,javafx.graphics -Djansi.mode=force -Dclassworlds.conf=/usr/share/maven/bin/m2.conf -Dmaven.home=/usr/share/maven -Dlibrary.jansi.path=/usr/share/maven/lib/jansi-native -Dmaven.multiModuleProjectDirectory=/mnt/c/Users/annap/Documents/GitHub/DAM-DesenvInterficies/JavaFX/02 Subvistes/Exemple 0201 
java_command: org.codehaus.plexus.classworlds.launcher.Launcher clean test-compile exec:java -PrunMain -Dexec.mainClass=com.project.Main
java_class_path (initial): /usr/share/maven/boot/plexus-classworlds-2.x.jar
Launcher Type: SUN_STANDARD

[Global flags]
     intx CICompilerCount                          = 12                                        {product} {ergonomic}
     uint ConcGCThreads                            = 3                                         {product} {ergonomic}
     uint G1ConcRefinementThreads                  = 13                                        {product} {ergonomic}
   size_t G1HeapRegionSize                         = 2097152                                   {product} {ergonomic}
    uintx GCDrainStackTargetSize                   = 64                                        {product} {ergonomic}
   size_t InitialHeapSize                          = 228589568                                 {product} {ergonomic}
   size_t MarkStackSize                            = 4194304                                   {product} {ergonomic}
   size_t MaxHeapSize                              = 3638558720                                {product} {ergonomic}
   size_t MaxNewSize                               = 2183135232                                {product} {ergonomic}
   size_t MinHeapDeltaBytes                        = 2097152                                   {product} {ergonomic}
   size_t MinHeapSize                              = 8388608                                   {product} {ergonomic}
    uintx NonNMethodCodeHeapSize                   = 7602480                                {pd product} {ergonomic}
    uintx NonProfiledCodeHeapSize                  = 122027880                              {pd product} {ergonomic}
    uintx ProfiledCodeHeapSize                     = 122027880                              {pd product} {ergonomic}
    uintx ReservedCodeCacheSize                    = 251658240                              {pd product} {ergonomic}
     bool SegmentedCodeCache                       = true                                      {product} {ergonomic}
   size_t SoftMaxHeapSize                          = 3638558720                             {manageable} {ergonomic}
     bool UseCompressedOops                        = true                           {product lp64_product} {ergonomic}
     bool UseG1GC                                  = true                                      {product} {ergonomic}

Logging:
Log output configuration:
 #0: stdout all=warning uptime,level,tags foldmultilines=false
 #1: stderr all=off uptime,level,tags foldmultilines=false

Release file:
IMPLEMENTOR="Ubuntu"
JAVA_RUNTIME_VERSION="21.0.10+7-Ubuntu-124.04"
JAVA_VERSION="21.0.10"
JAVA_VERSION_DATE="2026-01-20"
LIBC="gnu"
MODULES="java.base java.compiler java.datatransfer java.xml java.prefs java.desktop java.instrument java.logging java.management java.security.sasl java.naming java.rmi java.management.rmi java.net.http java.scripting java.security.jgss java.transaction.xa java.sql java.sql.rowset java.xml.crypto java.se java.smartcardio jdk.accessibility jdk.internal.jvmstat jdk.attach jdk.charsets jdk.internal.opt jdk.zipfs jdk.compiler jdk.crypto.ec jdk.crypto.cryptoki jdk.dynalink jdk.internal.ed jdk.editpad jdk.hotspot.agent jdk.httpserver jdk.incubator.vector jdk.internal.le jdk.internal.vm.ci jdk.internal.vm.compiler jdk.internal.vm.compiler.management jdk.jartool jdk.javadoc jdk.jcmd jdk.management jdk.management.agent jdk.jconsole jdk.jdeps jdk.jdwp.agent jdk.jdi jdk.jfr jdk.jlink jdk.jpackage jdk.jshell jdk.jsobject jdk.jstatd jdk.localedata jdk.management.jfr jdk.naming.dns jdk.naming.rmi jdk.net jdk.nio.mapmode jdk.random jdk.sctp jdk.security.auth jdk.security.jgss jdk.unsupported jdk.unsupported.desktop jdk.xml.dom"
OS_ARCH="x86_64"
OS_NAME="Linux"
SOURCE=""

Environment Variables:
PATH=/usr/local/sbin:/usr/local/bin:/usr/sbin:/usr/bin:/sbin:/bin:/usr/games:/usr/local/games:/usr/lib/wsl/lib:/mnt/c/Users/annap/AppData/Roaming/Code/User/globalStorage/github.copilot-chat/debugCommand:/mnt/c/Users/annap/AppData/Roaming/Code/User/globalStorage/github.copilot-chat/copilotCli:/mnt/c/Program Files/Microsoft/jdk-17.0.18.8-hotspot/bin:/mnt/c/Program Files (x86)/Common Files/Oracle/Java/java8path:/mnt/c/Program Files (x86)/Common Files/Oracle/Java/javapath:/mnt/c/WINDOWS/system32:/mnt/c/WINDOWS:/mnt/c/WINDOWS/System32/Wbem:/mnt/c/WINDOWS/System32/WindowsPowerShell/v1.0/:/mnt/c/WINDOWS/System32/OpenSSH/:/mnt/c/Program Files/NVIDIA Corporation/NVIDIA App/NvDLISR:/mnt/c/Program Files (x86)/NVIDIA Corporation/PhysX/Common:/mnt/c/Program Files/Git/cmd:/mnt/c/Program Files/dotnet/:/mnt/c/Program Files/MongoDB/Tools/100/bin:/mnt/c/Program Files/MySQL/MySQL Shell 8.0/bin/:/mnt/c/Users/annap/AppData/Local/Programs/Python/Launcher/:/mnt/c/Users/annap/AppData/Local/Microsoft/WindowsApps:/mnt/c/Users/annap/AppData/Local/Programs/Microsoft VS Code/bin:/mnt/c/Users/annap/AppData/Local/GitHubDesktop/bin:/mnt/c/Users/annap/AppData/Local/Programs/Ollama:/mnt/c/Users/annap/.dotnet/tools:/snap/bin
SHELL=/bin/bash
DISPLAY=:0
WAYLAND_DISPLAY=wayland-0
HOSTTYPE=x86_64
LANG=C.UTF-8
TERM=xterm-256color

Active Locale:
LC_ALL=C.UTF-8
LC_COLLATE=C.UTF-8
LC_CTYPE=C.UTF-8
LC_MESSAGES=C.UTF-8
LC_MONETARY=C.UTF-8
LC_NUMERIC=C.UTF-8
LC_TIME=C.UTF-8

Signal Handlers:
   SIGSEGV: crash_handler in libjvm.so, mask=11100100010111111101111111111110, flags=SA_RESTART|SA_SIGINFO, unblocked
    SIGBUS: crash_handler in libjvm.so, mask=11100100010111111101111111111110, flags=SA_RESTART|SA_SIGINFO, unblocked
    SIGFPE: crash_handler in libjvm.so, mask=11100100010111111101111111111110, flags=SA_RESTART|SA_SIGINFO, unblocked
   SIGPIPE: SIG_IGN, mask=00000000000010000000000000000000, flags=SA_RESTART, blocked
  *** Handler was modified!
  *** Expected: javaSignalHandler in libjvm.so, mask=11100100110111111111111111111110, flags=SA_RESTART|SA_SIGINFO
   SIGXFSZ: javaSignalHandler in libjvm.so, mask=11100100010111111101111111111110, flags=SA_RESTART|SA_SIGINFO, blocked
    SIGILL: crash_handler in libjvm.so, mask=11100100010111111101111111111110, flags=SA_RESTART|SA_SIGINFO, unblocked
   SIGUSR2: SR_handler in libjvm.so, mask=00000000000000000000000000000000, flags=SA_RESTART|SA_SIGINFO, blocked
    SIGHUP: UserHandler in libjvm.so, mask=11100100010111111101111111111110, flags=SA_RESTART|SA_SIGINFO, blocked
    SIGINT: UserHandler in libjvm.so, mask=11100100010111111101111111111110, flags=SA_RESTART|SA_SIGINFO, blocked
   SIGTERM: UserHandler in libjvm.so, mask=11100100010111111101111111111110, flags=SA_RESTART|SA_SIGINFO, blocked
   SIGQUIT: UserHandler in libjvm.so, mask=11100100010111111101111111111110, flags=SA_RESTART|SA_SIGINFO, blocked
   SIGTRAP: crash_handler in libjvm.so, mask=11100100010111111101111111111110, flags=SA_RESTART|SA_SIGINFO, unblocked


Periodic native trim disabled

---------------  S Y S T E M  ---------------

OS:
DISTRIB_ID=Ubuntu
DISTRIB_RELEASE=24.04
DISTRIB_CODENAME=noble
DISTRIB_DESCRIPTION="Ubuntu 24.04.1 LTS"
uname: Linux 6.6.87.2-microsoft-standard-WSL2 #1 SMP PREEMPT_DYNAMIC Thu Jun  5 18:30:46 UTC 2025 x86_64
OS uptime: 0 days 0:17 hours
libc: glibc 2.39 NPTL 2.39 
rlimit (soft/hard): STACK 8192k/infinity , CORE 0k/infinity , NPROC 55473/55473 , NOFILE 1048576/1048576 , AS infinity/infinity , CPU infinity/infinity , DATA infinity/infinity , FSIZE infinity/infinity , MEMLOCK 65536k/65536k
load average: 0.38 0.23 0.12

/proc/meminfo:
MemTotal:       14211260 kB
MemFree:        12264380 kB
MemAvailable:   12525064 kB
Buffers:            8244 kB
Cached:           417204 kB
SwapCached:            0 kB
Active:           117504 kB
Inactive:        1454896 kB
Active(anon):       2668 kB
Inactive(anon):  1156340 kB
Active(file):     114836 kB
Inactive(file):   298556 kB
Unevictable:           0 kB
Mlocked:               0 kB
SwapTotal:       4194304 kB
SwapFree:        4194304 kB
Dirty:                84 kB
Writeback:             0 kB
AnonPages:       1147060 kB
Mapped:           258548 kB
Shmem:             12036 kB
KReclaimable:      40360 kB
Slab:             115108 kB
SReclaimable:      40360 kB
SUnreclaim:        74748 kB
KernelStack:        7984 kB
PageTables:         8256 kB
SecPageTables:         0 kB
NFS_Unstable:          0 kB
Bounce:                0 kB
WritebackTmp:          0 kB
CommitLimit:    11299932 kB
Committed_AS:    3114548 kB
VmallocTotal:   34359738367 kB
VmallocUsed:       33628 kB
VmallocChunk:          0 kB
Percpu:             6912 kB
HardwareCorrupted:     0 kB
AnonHugePages:         0 kB
ShmemHugePages:        0 kB
ShmemPmdMapped:        0 kB
FileHugePages:         0 kB
FilePmdMapped:         0 kB
Unaccepted:            0 kB
HugePages_Total:       0
HugePages_Free:        0
HugePages_Rsvd:        0
HugePages_Surp:        0
Hugepagesize:       2048 kB
Hugetlb:               0 kB
DirectMap4k:       91136 kB
DirectMap2M:     8196096 kB
DirectMap1G:    15728640 kB

/sys/kernel/mm/transparent_hugepage/enabled: always [madvise] never
/sys/kernel/mm/transparent_hugepage/hpage_pmd_size: 2097152
/sys/kernel/mm/transparent_hugepage/defrag (defrag/compaction efforts parameter): always defer defer+madvise [madvise] never

Process Memory:
Virtual Size: 11216016K (peak: 11216016K)
Resident Set Size: 508672K (peak: 508672K) (anon: 408332K, file: 99060K, shmem: 1280K)
Swapped out: 0K
C-Heap outstanding allocations: 93405K, retained: 107282K
glibc malloc tunables: (default)

/proc/sys/kernel/threads-max (system-wide limit on the number of threads): 110946
/proc/sys/vm/max_map_count (maximum number of memory map areas a process may have): 1048576
/proc/sys/vm/swappiness (control to define how aggressively the kernel swaps out anonymous memory): 60
/proc/sys/kernel/pid_max (system-wide limit on number of process identifiers): 4194304

container information not found.
Hyper-V virtualization detected
Steal ticks since vm start: 0
Steal ticks percentage since vm start:  0.000

CPU: total 16 (initial active 16) (16 cores per cpu, 2 threads per core) family 25 model 117 stepping 2 microcode 0xffffffff, cx8, cmov, fxsr, ht, mmx, 3dnowpref, sse, sse2, sse3, ssse3, sse4a, sse4.1, sse4.2, popcnt, lzcnt, tsc, tscinvbit, avx, avx2, aes, erms, clmul, bmi1, bmi2, adx, avx512f, avx512dq, avx512cd, avx512bw, avx512vl, sha, fma, vzeroupper, avx512_vpopcntdq, avx512_vpclmulqdq, avx512_vaes, avx512_vnni, clflush, clflushopt, avx512_vbmi2, avx512_vbmi, hv, rdtscp, rdpid, fsrm, gfni, avx512_bitalg, f16c, cet_ss, avx512_ifma
CPU Model and flags from /proc/cpuinfo:
model name	: AMD Ryzen 7 260 w/ Radeon 780M Graphics
flags		: fpu vme de pse tsc msr pae mce cx8 apic sep mtrr pge mca cmov pat pse36 clflush mmx fxsr sse sse2 ht syscall nx mmxext fxsr_opt pdpe1gb rdtscp lm constant_tsc rep_good nopl tsc_reliable nonstop_tsc cpuid extd_apicid tsc_known_freq pni pclmulqdq ssse3 fma cx16 sse4_1 sse4_2 movbe popcnt aes xsave avx f16c rdrand hypervisor lahf_lm cmp_legacy svm cr8_legacy abm sse4a misalignsse 3dnowprefetch osvw topoext perfctr_core ssbd ibrs ibpb stibp vmmcall fsgsbase bmi1 avx2 smep bmi2 erms invpcid avx512f avx512dq rdseed adx smap avx512ifma clflushopt clwb avx512cd sha_ni avx512bw avx512vl xsaveopt xsavec xgetbv1 xsaves avx512_bf16 clzero xsaveerptr arat npt nrip_save tsc_scale vmcb_clean flushbyasid decodeassists pausefilter pfthreshold v_vmsave_vmload avx512vbmi umip avx512_vbmi2 gfni vaes vpclmulqdq avx512_vnni avx512_bitalg avx512_vpopcntdq rdpid fsrm

Online cpus: 0-15
Offline cpus: 
BIOS frequency limitation: <Not Available>
Frequency switch latency (ns): <Not Available>
Available cpu frequencies: <Not Available>
Current governor: <Not Available>
Core performance/turbo boost: <Not Available>

Memory: 4k page, physical 14211260k(12525064k free), swap 4194304k(4194304k free)
Page Sizes: 4k

vm_info: OpenJDK 64-Bit Server VM (21.0.10+7-Ubuntu-124.04) for linux-amd64 JRE (21.0.10+7-Ubuntu-124.04), built on 2026-01-22T23:46:23Z by "buildd" with gcc 13.3.0

END.
